paper_name https://www.aclweb.org/anthology/events/acl-2020/#2020-acl-main,"Stage {1,2,3,4}",track https://acl2020.org/blog/general-conference-statistics/,"social good domain {bias mitigation, education, equality, fighting misinformation, green NLP, healthcare, interpretability, legal applications, low-resource language, mental healthcare, robustness, science literature parsing, and others}",author
Dependency Graph Enhanced Dual-transformer Structure for Aspect-based Sentiment Classification,2;3,sentiment and argument analysis,,"Hao Tang, Donghong Ji, Chenliang Li and Qiji Zhou"
Synchronous Double-channel Recurrent Network for Aspect-Opinion Pair Extraction,2,sentiment and argument analysis,,"Shaowei Chen, Jie Liu, Yu Wang, Wenzheng Zhang and Ziming Chi"
"MATINF: A Jointly Labeled Large-Scale Dataset for Classification, Question Answering and Summarization",2,dataset; sentiment and argument analysis; question answering; summarization,,"Canwen Xu, Jiaxin Pei, Hongtao Wu, Yiyu Liu and Chenliang Li"
Empower Entity Set Expansion via Language Model Probing,2,information extraction,,"Yunyi Zhang, Jiaming Shen, Jingbo Shang and Jiawei Han"
A Tale of Two Perplexities: Sensitivity of Neural Language Models to Lexical Retrieval Deficits in Dementia of the Alzheimer’s Type,3,language modeling,healthcare,Trevor Cohen and Serguei Pakhomov
Improving Multimodal Named Entity Recognition via Entity Span Detection with Unified Multimodal Transformer,2,information extraction,,"Jianfei Yu, Jing Jiang, Li Yang and Rui Xia"
Generating Diverse and Consistent QA pairs from Contexts with Information-Maximizing Hierarchical Conditional VAEs,2,question answering,,"Dong Bok Lee, Seanie Lee, Woo Tae Jeong, Donghwan Kim and Sung Ju Hwang"
"Exact yet Efficient Graph Parsing, Bi-directional Locality and the Constructivist Hypothesis",2,semantic parsing,,Yajie Ye and Weiwei Sun
Aligned Dual Channel Graph Convolutional Network for Visual Question Answering,2;3,question answering,,"Qingbao Huang, Jielong Wei, Yi Cai, Changmeng Zheng, Junying Chen, Ho-fung Leung and Qing Li"
Learning to execute instructions in a Minecraft dialogue,2,robotics,,"Prashant Jayannavar, Anjali Narayan-Chen and Julia Hockenmaier"
"In Neural Machine Translation, What Does Transfer Learning Transfer?",2,machine translation; interpretability,interpretability; low-resource,"Alham Fikri Aji, Nikolay Bogoychev, Kenneth Heafield and Rico Sennrich"
Integrating Multimodal Information in Large Pretrained Transformers,3,sentiment and argument analysis,,"Wasifur Rahman, Md Kamrul Hasan, Sangwu Lee, AmirAli Bagher Zadeh, Chengfeng Mao, Louis-Philippe Morency and Ehsan Hoque"
Roles and Utilization of Attention Heads in Transformer-based Neural Language Models,2,language modeling; interpretability,,Jae-young Jo and Sung-Hyon Myaeng
Transition-based Semantic Dependency Parsing with Pointer Networks,2,syntax parsing,,Daniel Fernández-González and Carlos Gómez-Rodríguez
Bridging the Structural Gap Between Encoding and Decoding for Data-To-Text Generation,2;3,data-to-text generation,,"Chao Zhao, Marilyn Walker and Snigdha Chaturvedi"
Emergence of Syntax Needs Minimal Supervision,1,syntax parsing,,Raphaël Bailly and Kata Gábor
AMR Parsing with Latent Structural Information,2,semantic parsing,,"Qiji Zhou, Yue Zhang, Donghong Ji and Hao Tang"
"Extracting Headless MWEs from Dependency Parse Trees: Parsing, Tagging, and Joint Modeling Approaches",2,syntax parsing; tagging,,Tianze Shi and Lillian Lee
Efficient Constituency Parsing by Pointing,2,syntax parsing,,"Thanh-Tung Nguyen, Xuan-Phi Nguyen, Shafiq Joty and Xiaoli Li"
Structured Tuning for Semantic Role Labeling,2,semantic parsing,,"Tao Li, Parth Anand Jawale, Martha Palmer and Vivek Srikumar"
A Novel Cascade Binary Tagging Framework for Relational Triple Extraction,2,information extraction,,"Zhepei Wei, Jianlin Su, Yue Wang, Yuan Tian and Yi Chang"
Coupling Distant Annotation and Adversarial Training for Cross-Domain Chinese Word Segmentation,2,segmentation,,"Ning Ding, Dingkun Long, Guangwei Xu, Muhua Zhu, Pengjun Xie, Xiaobin Wang and Haitao Zheng"
Investigating the effect of auxiliary objectives for the automated grading of learner English speech transcriptions,3;4,automatic grading,,"Hannah Craighead, Andrew Caines, Paula Buttery and Helen Yannakoudakis"
Cross-modal Coherence Modeling for Caption Generation,3,caption generation,,"Malihe Alikhani, Piyush Sharma, Shengjie Li, Radu Soricut and Matthew Stone"
Orthogonal Relation Transforms with Graph Context Modeling for Knowledge Graph Embedding,2,information extraction; knowledge graph,,"Yun Tang, Jing Huang, Guangtao Wang, Xiaodong He and Bowen Zhou"
Improving Chinese Word Segmentation with Wordhood Memory Networks,2,segmentation,,"Yuanhe Tian, Yan Song, Fei Xia, Tong Zhang and Yonggang Wang"
More Diverse Dialogue Datasets via Diversity-Informed Data Collection,2,dialog,low-resource,"Katherine Stasaski, Grace Hui Yang and Marti A. Hearst"
Grounded Conversation Generation as Guided Traverses in Commonsense Knowledge Graphs,2;3,dialog,,"Houyu Zhang, Zhenghao Liu, Chenyan Xiong and Zhiyuan Liu"
DeFormer: Decomposing Pre-trained Transformers for Faster Question Answering,2;3,question answering,greenNLP,"Qingqing Cao, Harsh Trivedi, Aruna Balasubramanian and Niranjan Balasubramanian"
Boosting Neural Machine Translation with Similar Translations,3,machine translation,,"Jitao XU, Josep Crego and Jean Senellart"
Bipartite Flat-Graph Network for Nested Named Entity Recognition,2,information extraction,,Ying Luo and Hai Zhao
Generating Informative Conversational Response using Recurrent Knowledge-Interaction and Knowledge-Copy,2;3,dialog,,"Xiexiong Lin, Weiyu Jian, Jianshan He, Taifeng Wang and Wei Chu"
Location Attention for Extrapolation to Longer Sequences,2,model architecture; out-of-distribution,,"Yann Dubois, Gautier Dagan, Dieuwke Hupkes and Elia Bruni"
Unsupervised Opinion Summarization with Noising and Denoising,3,summarization,,Reinald Kim Amplayo and Mirella Lapata
Adversarial and Domain-Aware BERT for Cross-Domain Sentiment Analysis,2;3,sentiment and argument analysis,,"Chunning Du, Haifeng Sun, Jingyu Wang, Qi Qi and Jianxin Liao"
MixText: Linguistically-Informed Interpolation of Hidden Space for Semi-Supervised Text Classification,2,sentiment and argument analysis,,"Jiaao Chen, Zichao Yang and Diyi Yang"
Continual Relation Learning via Episodic Memory Activation and Reconsolidation,2,information extraction,,"Xu Han, Yi Dai, Tianyu Gao, Yankai Lin, Zhiyuan Liu, Peng Li, Maosong Sun and Jie Zhou"
Do Neural Language Models Show Preferences for Syntactic Formalisms?,2,syntax parsing; interpretability,,"Artur Kulmizev, Vinit Ravishankar, Mostafa Abdou and Joakim Nivre"
What Was Written vs. Who Read It: News Media Profiling Using Text Analysis and Social Media Context,3,media profiling,misinformation,"Ramy Baly, Georgi Karadzhov, Jisun An, Haewoon Kwak, Yoan Dinkov, Ahmed Ali, James Glass and Preslav Nakov"
Parsing into Variable-in-situ Logico-Semantic Graphs,2,semantic parsing,,Yufei Chen and Weiwei Sun
"Joint Diacritization, Lemmatization, Normalization, and Fine-Grained Morphological Tagging",2,tagging,,Nasser Zalmout and Nizar Habash
Fine-grained Fact Verification with Kernel Graph Attention Network,3,misinformation,misinformation,"Zhenghao Liu, Chenyan Xiong, Maosong Sun and Zhiyuan Liu"
Beyond Accuracy: Behavioral Testing of NLP Models with CheckList,2,interpretability,,"Marco Tulio Ribeiro, Tongshuang Wu, Carlos Guestrin and Sameer Singh"
Heterogeneous Graph Neural Networks for Extractive Document Summarization,2;3,summarization,,"Danqing Wang, Pengfei Liu, Yining Zheng, Xipeng Qiu and Xuanjing Huang"
"Stock Embeddings Acquired from News Articles and Price History, and an Application to Portfolio Optimization",3;4,stock market,,Xin Du and Kumiko Tanaka-Ishii
Refer360° : A Referring Expression Recognition Dataset in 360° Images,2,robotics,,"Volkan Cirik, Taylor Berg-Kirkpatrick and Louis-Philippe Morency"
Estimating predictive uncertainty for rumour verification models,3;4,misinformation,misinformation,Elena Kochkina and Maria Liakata
schuBERT: Optimizing Elements of BERT,2,model architecture,,Ashish Khetan and Zohar Karnin
SEEK: Segmented Embedding of Knowledge Graphs,2,knowledge graph,,"Wentao Xu, Shun Zheng, Liang He, Bin Shao, Jian Yin and Tie-Yan Liu"
Target Inference in Argument Conclusion Generation,3,language modeling,,"Milad Alshomary, Shahbaz Syed, Martin Potthast and Henning Wachsmuth"
Benchmarking Multimodal Regex Synthesis with Complex Structures,3,semantic parsing,,"Xi Ye, Qiaochu Chen, Isil Dillig and Greg Durrett"
Tangled up in BLEU: Reevaluating the Evaluation of Automatic Machine Translation Evaluation Metrics,2,machine translation,,"Nitika Mathur, Timothy Baldwin and Trevor Cohn"
Integrating Semantic and Structural Information with Graph Convolutional Network for Controversy Detection,3;4,misinformation,misinformation,"Lei Zhong, Juan Cao, Qiang Sheng, Junbo Guo and Ziang Wang"
Distinguish Confusing Law Articles for Legal Judgment Prediction,3;4,legal judgement prediction,legal,"Nuo Xu, Pinghui Wang, Long Chen, Li Pan, Xiaoyan Wang and Junzhou Zhao"
On the Robustness of Language Encoders against Grammatical Errors,2,language modeling,,"Fan Yin, Quanyu Long, Tao Meng and Kai-Wei Chang"
From Zero to Hero: Human-In-The-Loop Entity Linking in Low Resource Domains,2,information extraction; low-resource,low-resource,"Jan-Christoph Klie, Richard Eckart de Castilho and Iryna Gurevych"
CluHTM - Semantic Hierarchical Topic Modeling based on CluWords,2;3,topic modeling,,"Felipe Viegas, Washington Cunha, Christian Gomes, Antônio Pereira, Leonardo Rocha and Marcos Goncalves"
Cross-modal Language Generation using Pivot Stabilization for Web-scale Language Coverage,3;4,caption generation; low-resource,equality,Ashish V. Thapliyal and Radu Soricut
Harnessing the linguistic signal to predict scalar inferences,2,psycholinguistics,,"Sebastian Schuster, Yuxing Chen and Judith Degen"
Masked Language Model Scoring,2,model architecture,,"Julian Salazar, Davis Liang, Toan Q. Nguyen and Katrin Kirchhoff"
Emerging Cross-lingual Structure in Pretrained Language Models,2,language modeling; interpretability,,"Alexis Conneau, Shijie Wu, Haoran Li, Luke Zettlemoyer and Veselin Stoyanov"
Tchebycheff Procedure for Multi-task Text Classification,3,sentiment and argument analysis,,"Yuren Mao, Shuang Yun, Weiwei Liu and Bo Du"
Fluent Response Generation for Conversational Question Answering,3,dialog,,"Ashutosh Baheti, Alan Ritter and Kevin Small"
A Joint Model for Document Segmentation and Segment Labeling,2,segmentation,,"Joe Barrow, Rajiv Jain, Vlad Morariu, Varun Manjunatha, Douglas Oard and Philip Resnik"
Hyperbolic Capsule Networks for Multi-Label Classification,3,sentiment and argument analysis,,"Boli Chen, Xin Huang, Lin Xiao and Liping Jing"
Predicting Declension Class from Form and Meaning,2,noun classification (ontology),,"Adina Williams, Tiago Pimentel, Arya D. McCarthy, Hagen Blix, Eleanor Chodroff and Ryan Cotterell"
Analysing Lexical Semantic Change with Contextualised Word Representations,2,word meaning,,"Mario Giulianelli, Marco Del Tredici and Raquel Fernández"
Discourse-Aware Neural Extractive Text Summarization,3,summarization,,"Jiacheng Xu, Zhe Gan, Yu Cheng and Jingjing Liu"
MultiQT: Multimodal learning for real-time question tracking in speech,2;3,question answering,,"Jakob D. Havtorn, Jan Latko, Joakim Edin, Lars Maaløe, Lasse Borgholt, Lorenzo Belgrano, Nicolai Jacobsen, Regitze Sdun and Željko Agić"
Language Models as an Alternative Evaluator of Word Order Hypotheses: A Case Study in Japanese,2,word order,,"Tatsuki Kuribayashi, Takumi Ito, Jun Suzuki and Kentaro Inui"
Negative Training for Neural Dialogue Response Generation,3,dialog,,Tianxing He and James Glass
A Batch Normalized Inference Network Keeps the KL Vanishing Away,2,model architecture,,"Qile Zhu, Wei Bi, Xiaojiang Liu, Xiyao Ma, Xiaolin Li and Dapeng Wu"
Towards Transparent and Explainable Attention Models,2,model architecture; interpretability,interpretability,"Akash Kumar Mohankumar, Preksha Nema, Sharan Narasimhan, Mitesh M. Khapra, Balaji Vasan Srinivasan and Balaraman Ravindran"
Learning Source Phrase Representations for Neural Machine Translation,2,machine translation,,"Hongfei Xu, Josef van Genabith, Deyi Xiong, Qiuhui Liu and Jingyi Zhang"
Neural Generation of Dialogue Response Timings,3;4,dialog,,Matthew Roddy and Naomi Harte
Learning to Update Natural Language Comments Based on Code Changes,3;4,code,,"Sheena Panthaplackel, Pengyu Nie, Milos Gligoric, Junyi Jessy Li and Raymond Mooney"
Word-level Textual Adversarial Attacking as Combinatorial Optimization,2,robustness,robustness,"Yuan Zang, Fanchao Qi, Chenghao Yang, Zhiyuan Liu, Meng Zhang, Qun Liu and Maosong Sun"
From English to Code-Switching: Transfer Learning with Strong Morphological Clues,2;3,language modeling,low-resource,Gustavo Aguilar and Thamar Solorio
Representation Learning for Information Extraction from Form-like Documents,2;3,information extraction,,"Bodhisattwa Prasad Majumder, Navneet Potti, Sandeep Tata, James Bradley Wendt, Qi Zhao and Marc Najork"
A Novel Graph-based Multi-modal Fusion Encoder for Neural Machine Translation,3,machine translation,,"Yongjing Yin, Fandong Meng, Jinsong Su, Chulun Zhou, Zhengyuan Yang, Jie Zhou and Jiebo Luo"
Differentiable Window for Dynamic Local Attention,2,model architecture,,"Thanh-Tung Nguyen, Xuan-Phi Nguyen, Shafiq Joty and Xiaoli Li"
TXtract: Taxonomy-Aware Knowledge Extraction for Thousands of Product Categories,4,information extraction,,"Giannis Karamanolakis, Jun Ma and Xin Luna Dong"
Effective Estimation of Deep Generative Language Models,2,model architecture,,Tom Pelsmaeker and Wilker Aziz
"Generate, Delete and Rewrite: A Three-Stage Framework for Improving Persona Consistency of Dialogue Generation",3;4,dialog,,"Haoyu Song, Yan Wang, Wei-Nan Zhang, Xiaojiang Liu and Ting Liu"
End-to-End Bias Mitigation by Modelling Biases in Corpora,2,bias,equality,"Rabeeh Karimi Mahabadi, Yonatan Belinkov and James Henderson"
Dialogue Coherence Assessment Without Explicit Dialogue Act Labels,2,dialog,,"Mohsen Mesgar, Sebastian Bücker and Iryna Gurevych"
Reducing Gender Bias in Neural Machine Translation as a Domain Adaptation Problem,3,machine translation; bias,equality; low-resource,Danielle Saunders and Bill Byrne
Predicting Depression in Screening Interviews from Latent Categorization of Interview Prompts,4,mental healthcare,,"Alex Rinaldi, Jean Fox Tree and Snigdha Chaturvedi"
Towards Conversational Recommendation over Multi-Type Dialogs,3;4,dialog,,"Zeming Liu, Haifeng Wang, Zheng-Yu Niu, Hua Wu, Wanxiang Che and Ting Liu"
"ECPE-2D: Emotion-Cause Pair Extraction based on Joint Two-Dimensional Representation, Interaction and Prediction",3,dialog,,"Zixiang Ding, Rui Xia and Jianfei Yu"
"R^3: Reverse, Retrieve, and Rank for Sarcasm Generation with Commonsense Knowledge",3,sarcasm generation,,"Tuhin Chakrabarty, Debanjan Ghosh, Smaranda Muresan and Nanyun Peng"
Syntax-Aware Opinion Role Labeling with Dependency Graph Convolutional Networks,2;3,semantic parsing,,"Bo Zhang, Yue Zhang, Rui Wang, Zhenghua Li and Min Zhang"
Contextualized Weak Supervision for Text Classification,2,sentiment and argument analysis,,Dheeraj Mekala and Jingbo Shang
SentiBERT: A Transferable Transformer-Based Architecture for Compositional Sentiment Semantics,2,sentiment and argument analysis,,"Da Yin, Tao Meng and Kai-Wei Chang"
“The Boating Store Had Its Best Sail Ever”: Pronunciation-attentive Contextualized Pun Recognition,2,pun classification,,"Yichao Zhou, Jyun-Yu Jiang, Jieyu Zhao, Kai-Wei Chang and Wei Wang"
The SOFC-Exp Corpus and Neural Approaches to Information Extraction in the Materials Science Domain,2;4,information extraction,science literature,"Annemarie Friedrich, Heike Adel, Federico Tomazic, Johannes Hingerl, Renou Benteau, Anika Marusczyk and Lukas Lange"
Estimating the influence of auxiliary tasks for multi-task learning of sequence tagging tasks,2,tagging,,Fynn Schröder and Chris Biemann
Injecting Numerical Reasoning Skills into Language Models,2,language modeling,,"Mor Geva, Ankit Gupta and Jonathan Berant"
Simplify the Usage of Lexicon in Chinese NER,2,tagging,,"Ruotian Ma, Minlong Peng, Qi Zhang, Zhongyu Wei and Xuanjing Huang"
Analyzing analytical methods: The case of phonology in neural models of spoken language,2,phonology,,"Grzegorz Chrupała, Bertrand Higy and Afra Alishahi"
Universal Decompositional Semantic Parsing,2,semantic parsing,,"Elias Stengel-Eskin, Aaron Steven White, Sheng Zhang and Benjamin Van Durme"
Toward Gender-Inclusive Coreference Resolution,2,information extraction,,Yang Trista Cao and Hal Daumé III
Enhancing Answer Boundary Detection for Multilingual Machine Reading Comprehension,3,question answering,,"Fei Yuan, Linjun Shou, Xuanyu Bai, Ming Gong, Yaobo Liang, Nan Duan, Yan Fu and Daxin Jiang"
Speakers enhance contextually confusable words,2,dialog,,"Eric Meinhardt, Eric Bakovic and Leon Bergen"
Evidence-Aware Inferential Text Generation with Vector Quantised Variational AutoEncoder,2,data-to-text generation,,"Daya Guo, Duyu Tang, Nan Duan, Jian Yin, Daxin Jiang and Ming Zhou"
Improving Neural Machine Translation with Soft Template Prediction,3,machine translation,,"Jian Yang, Shuming Ma, Dongdong Zhang, Zhoujun Li and Ming Zhou"
Probabilistic Assumptions Matter: Improved Models for Distantly-Supervised Document-Level Question Answering,3,question answering,,"Hao Cheng, Ming-Wei Chang, Kenton Lee and Kristina Toutanova"
Document Modeling with Graph Attention Networks for Multi-grained Machine Reading Comprehension,3,question answering,,"Bo Zheng, Haoyang Wen, Yaobo Liang, Nan Duan, Wanxiang Che, Daxin Jiang, Ming Zhou and Ting Liu"
Semantic Parsing for English as a Second Language,2,semantic parsing; low-resource,low-resource,"Yuanyuan Zhao, Weiwei Sun, Junjie Cao and Xiaojun Wan"
Empowering Active Learning to Jointly Optimize System and User Demands,4,interactive system; education,education,"Ji-Ung Lee, Christian M. Meyer and Iryna Gurevych"
Learning Web-based Procedures by Reasoning over Explanations and Demonstrations in Context,3,dialog,,"Shashank Srivastava, Oleksandr Polozov, Nebojsa Jojic and Christopher Meek"
Generalizing Natural Language Analysis through Span-relation Representations,2,information extraction; semantic parsing,,"Zhengbao Jiang, Wei Xu, Jun Araki and Graham Neubig"
Generative Semantic Hashing Enhanced via Boltzmann Machines,4,information retrieval,,"Lin Zheng, Qinliang Su, Dinghan Shen and Changyou Chen"
Low-Resource Generation of Multi-hop Reasoning Questions,2,question answering,,"Jianxing Yu, Wei Liu, Shuang Qiu, Qinliang Su, Kai Wang, Xiaojun Quan and Jian Yin"
STARC: Structured Annotations for Reading Comprehension,2,question answering,,"Yevgeni Berzak, Jonathan Malmaud and Roger Levy"
Unsupervised Dual Paraphrasing for Two-stage Semantic Parsing,2,semantic parsing,,"Ruisheng Cao, Su Zhu, Chenyu Yang, Chen Liu, Rao Ma, Yanbin Zhao, Lu Chen and Kai Yu"
Multimodal Neural Graph Memory Networks for Visual Question Answering,3,question answering,,Mahmoud Khademi
Semi-supervised Contextual Historical Text Normalization,2,text normalization,,Peter Makarov and Simon Clematide
Efficient Pairwise Annotation of Argument Quality,2,sentiment and argument analysis,,"Lukas Gienapp, Benno Stein, Matthias Hagen and Martin Potthast"
Learning to Segment Actions from Observation and Narration,2,robotics,,"Daniel Fried, Jean-Baptiste Alayrac, Phil Blunsom, Chris Dyer, Stephen Clark and Aida Nematzadeh"
Cross-media Structured Common Space for Multimedia Event Extraction,2,information extraction,,"Manling Li, Alireza Zareian, Qi Zeng, Spencer Whitehead, Di Lu, Heng Ji and Shih-Fu Chang"
Language (Re)modelling: Towards Embodied Language Understanding,1,psycholinguistics,,"Ronen Tamari, Chen Shani, Tom Hope, Miriam R L Petruck, Omri Abend and Dafna Shahaf"
DoQA - Accessing Domain-Specific FAQs via Conversational QA,3,dialog,,"Jon Ander Campos, Arantxa Otegi, Aitor Soroa, Jan Deriu, Mark Cieliebak and Eneko Agirre"
Slot-consistent NLG for Task-oriented Dialogue Systems with Iterative Rectification Network,3,dialog,,"Yangming Li, Kaisheng Yao, Libo Qin, Wanxiang Che, Xiaolong Li and Ting Liu"
Understanding the Language of Political Agreement and Disagreement in Legislative Texts,4,legal and political text,,"Maryam Davoodi, Eric Waltenburg and Dan Goldwasser"
Speech Translation and the End-to-End Promise: Taking Stock of Where We Are,3;4,speech; machine translation,,Matthias Sperber and Matthias Paulik
BiRRE: Learning Bidirectional Residual Relation Embeddings for Supervised Hypernymy Detection,2,word meaning,,Chengyu Wang and Xiaofeng He
Neural Data-to-Text Generation via Jointly Learning the Segmentation and Correspondence,3,data-to-text generation,,"Xiaoyu Shen, Ernie Chang, Hui Su, Cheng Niu and Dietrich Klakow"
INFOTABS: Inference on Tables as Semi-structured Data,3,information retrieval,,"Vivek Gupta, Maitrey Mehta, Pegah Nokhiz and Vivek Srikumar"
Speaker Sensitive Response Evaluation Model,3,dialog,,JinYeong Bak and Alice Oh
Semi-Supervised Dialogue Policy Learning via Stochastic Reward Estimation,2;3,dialog,,"Xinting Huang, Jianzhong Qi, Yu Sun and Rui Zhang"
Learning and Evaluating Emotion Lexicons for 91 Languages,2,word meaning,,"Sven Buechel, Susanna Rücker and Udo Hahn"
A Span-based Linearization for Constituent Trees,2,syntax parsing,,"Yang Wei, Yuanbin Wu and Man Lan"
Generalized Entropy Regularization or: There’s Nothing Special about Label Smoothing,2,model architecture,,"Clara Meister, Elizabeth Salesky and Ryan Cotterell"
Heterogeneous Graph Transformer for Graph-to-Sequence Learning,2,data-to-text generation,,"Shaowei Yao, Tianming Wang and Xiaojun Wan"
A Mixture of h − 1 Heads is Better than h Heads,2,model architecture,,"Hao Peng, Roy Schwartz, Dianqi Li and Noah A. Smith"
Breaking Through the 80% Glass Ceiling: Raising the State of the Art in Word Sense Disambiguation by Incorporating Knowledge Graph Information,2,word meaning,,Michele Bevilacqua and Roberto Navigli
AdvAug: Robust Adversarial Augmentation for Neural Machine Translation,3,machine translation; robustness,,"Yong Cheng, Lu Jiang, Wolfgang Macherey and Jacob Eisenstein"
TaPas: Weakly Supervised Table Parsing via Pre-training,2,semantic parsing,,"Jonathan Herzig, Pawel Krzysztof Nowak, Thomas Müller, Francesco Piccinno and Julian Eisenschlos"
Can We Predict New Facts with Open Knowledge Graph Embeddings? A Benchmark for Open Link Prediction,2,knowledge graph,,"Samuel Broscheit, Kiril Gashteovski, Yanjie Wang and Rainer Gemulla"
Compositionality and Generalization In Emergent Languages,1,emergent languages,,"Rahma Chaabouni, Eugene Kharitonov, Diane Bouchacourt, Emmanuel Dupoux and Marco Baroni"
Handling Rare Entities for Neural Sequence Labeling,2,semantic parsing,,"Yangming Li, Han Li, Kaisheng Yao and Xiaolong Li"
A Comprehensive Analysis of Preprocessing for Word Representation Learning in Affective Tasks,2,word meaning,,"Nastaran Babanejad, Ameeta Agrawal, Aijun An and Manos Papagelis"
(Re)construing Meaning in NLP,1,psycholinguistics,,"Sean Trott, Tiago Timponi Torrent, Nancy Chang and Nathan Schneider"
Multi-Cell Compositional LSTM for NER Domain Adaptation,2,tagging,,Chen Jia and Yue Zhang
KLEJ: Comprehensive Benchmark for Polish Language Understanding,2,low-resource,low-resource,"Piotr Rybak, Robert Mroczkowski, Janusz Tracz and Ireneusz Gawlik"
A Generate-and-Rank Framework with Semantic Type Regularization for Biomedical Concept Normalization,3,text normalization; healthcare,healthcare,"Dongfang Xu, Zeyu Zhang and Steven Bethard"
Learning to Identify Follow-Up Questions in Conversational Question Answering,2,dialog,,"Souvik Kundu, Qian Lin and Hwee Tou Ng"
SAS: Dialogue State Tracking via Slot Attention and Slot Information Sharing,3,dialog,,"Jiaying Hu, Yan Yang, Chencai Chen, Liang He and Zhou Yu"
Exploring Contextual Word-level Style Relevance for Unsupervised Style Transfer,3,style transfer,,"Chulun Zhou, Liangyu Chen, Jiachen Liu, Xinyan Xiao, Jinsong Su, Sheng Guo and Hua Wu"
Examining Citations of Natural Language Processing Literature,1,NLP field analysis,,Saif M. Mohammad
Inflecting when there’s no majority: Limitations of encoder-decoder neural networks as cognitive models for German plurals,2,morphology,,"Kate McCurdy, Sharon Goldwater and Adam Lopez"
Bridging Anaphora Resolution as Question Answering,2,coreference,,Yufang Hou
Dynamic Programming Encoding for Subword Segmentation in Neural Machine Translation,2,machine translation,,"Xuanli He, Gholamreza Haffari and Mohammad Norouzi"
The Right Tool for the Job: Matching Model and Instance Complexities,1,model development principles,,"Roy Schwartz, Gabriel Stanovsky, Swabha Swayamdipta, Jesse Dodge and Noah A. Smith"
Learning to Customize Model Structures for Few-shot Dialogue Generation Tasks,3,dialog; model architecture,,"Yiping Song, Zequn Liu, Wei Bi, Rui Yan and Ming Zhang"
Interpreting Pretrained Contextualized Representations via Reductions to Static Embeddings,2,word meaning,,"Rishi Bommasani, Kelly Davis and Claire Cardie"
Recurrent Neural Network Language Models Always Learn English-Like Relative Clause Attachment,2,language modeling; interpretability,,Forrest Davis and Marten van Schijndel
Balancing Objectives in Counseling Conversations: Advancing Forwards or Looking Backwards,4,mental healthcare,mental healthcare,Justine Zhang and Cristian Danescu-Niculescu-Mizil
Unsupervised Domain Clusters in Pretrained Language Models,2,language modeling,,Roee Aharoni and Yoav Goldberg
Unsupervised Opinion Summarization as Copycat-Review Generation,3,summarization,,"Arthur Bražinskas, Mirella Lapata and Ivan Titov"
Improving Massively Multilingual Neural Machine Translation and Zero-Shot Translation,3,machine translation,,"Biao Zhang, Philip Williams, Ivan Titov and Rico Sennrich"
Unknown Intent Detection Using Gaussian Mixture Model with an Application to Zero-shot Intent Classification,3,intent classification,,"Guangfeng Yan, Lu Fan, Qimai Li, Han Liu, Xiaotong Zhang, Xiao-Ming Wu and Albert Y.S. Lam"
Reasoning with Latent Structure Refinement for Document-Level Relation Extraction,2;3,information extraction,,"Guoshun Nan, Zhijiang Guo, Ivan Sekulic and Wei Lu"
Multi-Granularity Interaction Network for Extractive and Abstractive Multi-Document Summarization,3,summarization,,"Hanqi Jin, Tianming Wang and Xiaojun Wan"
Neural Mixed Counting Models for Dispersed Topic Discovery,2,topic modeling,,"Jiemin Wu, Yanghui Rao, Zusheng Zhang, Haoran Xie, Qing Li, Fu Lee Wang and Ziye Chen"
MLQA: Evaluating Cross-lingual Extractive Question Answering,3,question answering,,"Patrick Lewis, Barlas Oguz, Ruty Rinott, Sebastian Riedel and Holger Schwenk"
WinoWhy: A Deep Diagnosis of Essential Commonsense Knowledge for Answering Winograd Schema Challenge,2,question answering,,"Hongming Zhang, Xinran Zhao and Yangqiu Song"
From SPMRL to NMRL: What Did We Learn (and Unlearn) in a Decade of Parsing Morphologically-Rich Languages (MRLs)?,2,syntax parsing,,"Reut Tsarfaty, Dan Bareket, Stav Klein and Amit Seker"
Balancing Training for Multilingual Neural Machine Translation,3,machine translation,,"Xinyi Wang, Yulia Tsvetkov and Graham Neubig"
CompGuessWhat?!: A Multi-task Evaluation Framework for Grounded Language Learning,2,language grounding,,"Alessandro Suglia, Ioannis Konstas, Andrea Vanzo, Emanuele Bastianelli, Desmond Elliott, Stella Frank and Oliver Lemon"
Probing Linguistic Features of Sentence-Level Representations in Relation Extraction,2,information extraction,,"Christoph Alt, Aleksandra Gabryszak and Leonhard Hennig"
Interactive Classification by Asking Informative Questions,2,dialog,,"Lili Yu, Howard Chen, Sida I. Wang, Tao Lei and Yoav Artzi"
Syn-QG: Syntactic and Shallow Semantic Rules for Question Generation,2,syntax-based generation,,Kaustubh Dhole and Christopher D. Manning
DRTS Parsing with Structure-Aware Encoding and Decoding,2,semantic parsing,,"Qiankun Fu, Yue Zhang, Jiangming Liu and Meishan Zhang"
You Impress Me: Dialogue Generation via Mutual Persona Perception,3,dialog,,"Qian Liu, Yihong Chen, Bei Chen, Jian-Guang Lou, Zixuan Chen, Bin Zhou and Dongmei Zhang"
Predicting the Topical Stance and Political Leaning of Media using Tweets,4,misinformation,misinformation,"Peter Stefanov, Kareem Darwish, Atanas Atanasov and Preslav Nakov"
Dynamic Fusion Network for Multi-Domain End-to-end Task-Oriented Dialog,3,dialog,,"Libo Qin, Xiao Xu, Wanxiang Che, Yue Zhang and Ting Liu"
MIE: A Medical Information Extractor towards Medical Dialogues,4,information extraction; healthcare,healthcare,"Yuanzhe Zhang, Zhongtao Jiang, Tao Zhang, Shiwan Liu, Jiarun Cao, Kang Liu, Shengping Liu and Jun Zhao"
Zero-Shot Transfer Learning with Synthesized Data for Multi-Domain Dialogue State Tracking,2,dialog,,"Giovanni Campagna, Agata Foryciarz, Mehrad Moradshahi and Monica Lam"
A Self-Training Method for Machine Reading Comprehension with Soft Evidence Extraction,2,question answering,,"Yilin Niu, Fangkai Jiao, Mantong Zhou, Ting Yao, Jingfang Xu and Minlie Huang"
"It Takes Two to Lie: One to Lie, and One to Listen",4,misinformation,misinformation,"Denis Peskov, Benny Cheng, Ahmed Elgohary, Joe Barrow, Cristian Danescu-Niculescu-Mizil and Jordan Boyd-Graber"
Predictive Biases in Natural Language Processing Models: A Conceptual Framework and Overview,2,bias,bias,"Deven Santosh Shah, H. Andrew Schwartz and Dirk Hovy"
A Unified MRC Framework for Named Entity Recognition,2,information extraction,,"Xiaoya Li, Jingrong Feng, Yuxian Meng, Qinghong Han, Fei Wu and Jiwei Li"
Agreement Prediction of Arguments in Cyber Argumentation for Detecting Stance Polarity and Intensity,3,sentiment and argument analysis,,"Joseph Sirrianni, Xiaoqing Liu and Douglas Adams"
Fast and Accurate Non-Projective Dependency Tree Linearization,2;3,syntax-based generation,,"Xiang Yu, Simon Tannert, Ngoc Thang Vu and Jonas Kuhn"
SenseBERT: Driving Some Sense into BERT,2,language modeling; interpretability,,"Yoav Levine, Barak Lenz, Or Dagan, Ori Ram, Dan Padnos, Or Sharir, Shai Shalev-Shwartz, Amnon Shashua and Yoav Shoham"
Generating Hierarchical Explanations on Text Classification via Feature Interaction Detection,2,sentiment and argument analysis; interpretability,,"Hanjie Chen, Guangtao Zheng and Yangfeng Ji"
Knowledge Graph Embedding Compression,2,knowledge graph; greenNLP,greenNLP,Mrinmaya Sachan
"BART: Denoising Sequence-to-Sequence Pre-training for Natural Language Generation, Translation, and Comprehension",2,language modeling,,"Mike Lewis, Yinhan Liu, Naman Goyal, Marjan Ghazvininejad, Abdelrahman Mohamed, Omer Levy, Veselin Stoyanov and Luke Zettlemoyer"
Modelling Suspense in Short Stories as Uncertainty Reduction over Neural Representation,3,suspense,,David Wilmot and Frank Keller
Interactive Machine Comprehension with Information Seeking Agents,3,question answering,,"Xingdi Yuan, Jie Fu, Marc-Alexandre Côté, Yi Tay, Chris Pal and Adam Trischler"
Efficient Dialogue State Tracking by Selectively Overwriting Memory,4,dialog; greenNLP,greenNLP,"Sungdong Kim, Sohee Yang, Gyuwan Kim and Sang-Woo Lee"
Large Scale Multi-Actor Generative Dialog Modeling,3;4,dialog,,"Alex Boyd, Raul Puri, Mohammad Shoeybi, Mostofa Patwary and Bryan Catanzaro"
Multi-Domain Dialogue Acts and Response Co-Generation,3;4,dialog,,"Kai Wang, Junfeng Tian, Rui Wang, Xiaojun Quan and Jianxing Yu"
Reasoning Over Semantic-Level Graph for Fact Checking,4,misinformation,,"Wanjun Zhong, Jingjing Xu, Duyu Tang, Zenan Xu, Nan Duan, Ming Zhou, Jiahai Wang and Jian Yin"
The TechQA Dataset,2,question answering,,"Vittorio Castelli, Rishav Chakravarti, Saswati Dana, Anthony Ferritto, Radu Florian, Martin Franz, Dinesh Garg, Dinesh Khandelwal, Scott McCarley, Michael McCawley, Mohamed Nasr, Lin Pan, Cezar Pendus, John Pitrelli, Saurabh Pujar, Salim Roukos, Andrzej Sakrajda, Avi Sil, Rosario Uceda-Sosa, Todd Ward and Rong Zhang"
"Attend, Translate and Summarize: An Efficient Method for Neural Cross-Lingual Summarization",3,summarization,,"Junnan Zhu, Yu Zhou, Jiajun Zhang and Chengqing Zong"
In Layman’s Terms: Semi-Open Relation Extraction from Scientific Texts,4,information extraction,science literature,"Ruben Kruiper, Julian Vincent, Jessica Chen-Burger, Marc Desmulliez and Ioannis Konstas"
Multi-source Meta Transfer for Low Resource Multiple-Choice Question Answering,3,question answering,,"Ming Yan, Hao Zhang, Di Jin and Joey Tianyi Zhou"
KdConv: A Chinese Multi-domain Dialogue Dataset Towards Multi-turn Knowledge-driven Conversation,2,dialog,,"Hao Zhou, Chujie Zheng, Kaili Huang, Minlie Huang and Xiaoyan Zhu"
A Contextual Hierarchical Attention Network with Adaptive Objective for Dialogue State Tracking,3,dialog,,"Yong Shan, Zekang Li, Jinchao Zhang, Fandong Meng, Yang Feng, Cheng Niu and Jie Zhou"
Spelling Error Correction with Soft-Masked BERT,4,grammatical error correction,,"Shaohua Zhang, Haoran Huang, Jicong Liu and Hang Li"
BPE-Dropout: Simple and Effective Subword Regularization,2,model architecture,,"Ivan Provilkov, Dmitrii Emelianenko and Elena Voita"
Language to Network: Conditional Parameter Adaptation with Natural Language Descriptions,2,code,,"Tian Jin, Zhun Liu, Shengjia Yan, Alexandre Eichenberger and Louis-Philippe Morency"
NeuInfer: Knowledge Inference on N-ary Facts,2,knowledge graph; inference,,"Saiping Guan, Xiaolong Jin, Jiafeng Guo, Yuanzhuo Wang and Xueqi Cheng"
Single-/Multi-Source Cross-Lingual NER via Teacher-Student Learning on Unlabeled Data in Target Language,3,low-resource; information extraction,,"Qianhui Wu, Zijia Lin, Börje Karlsson, Jian-Guang Lou and Biqing Huang"
Gender Bias in Multilingual Embeddings and Cross-Lingual Transfer,2,bias; word meaning,,"Jieyu Zhao, Subhabrata Mukherjee, Saghar Hosseini, Kai-Wei Chang and Ahmed Hassan Awadallah"
Gated Convolutional Bidirectional Attention-based Model for Off-topic Spoken Response Detection,3;4,dialog,,"Yefei Zha, Ruobing Li and Hui Lin"
A Corpus for Large-Scale Phonetic Typology,2,phonology,,"Elizabeth Salesky, Eleanor Chodroff, Tiago Pimentel, Matthew Wiesner, Ryan Cotterell, Alan W Black and Jason Eisner"
CluBERT: A Cluster-Based Approach for Learning Sense Distributions in Multiple Languages,2,word meaning,,"Tommaso Pasini, Federico Scozzafava and Bianca Scarlini"
A Top-down Neural Architecture towards Text-level Parsing of Discourse Rhetorical Structure,2,semantic parsing,,"Longyin Zhang, Yuqing Xing, Fang Kong, Peifeng Li and Guodong Zhou"
Autoencoding Pixies: Amortised Variational Inference with Graph Convolutions for Functional Distributional Semantics,2,model architecture,,Guy Emerson
Text-Based Ideal Points,3,legal and political text; social media,,"Keyon Vafa, Suresh Naidu and David Blei"
ZeroShotCeres: Zero-Shot Relation Extraction from Semi-Structured Webpages,2,information extraction,,"Colin Lockard, Prashant Shiralkar, Xin Luna Dong and Hannaneh Hajishirzi"
SMART: Robust and Efficient Fine-Tuning for Pre-trained Natural Language Models through Principled Regularized Optimization,2,model architecture,,"Haoming Jiang, Pengcheng He, Weizhu Chen, Xiaodong Liu, Jianfeng Gao and Tuo Zhao"
CamemBERT: a Tasty French Language Model,2,model architecture; low-resource,,"Louis Martin, Benjamin Muller, Pedro Javier Ortiz Suárez, Yoann Dupont, Laurent Romary, Éric de la Clergerie, Djamé Seddah and Benoît Sagot"
Harvesting and Refining Question-Answer Pairs for Unsupervised QA,3,question answering,,"Zhongli Li, Wenhui Wang, Li Dong, Furu Wei and Ke Xu"
Discourse as a Function of Event: Profiling Discourse Structure in News Articles around the Main Event,3,semantic parsing; news,,"Prafulla Kumar Choubey, Aaron Lee, Ruihong Huang and Lu Wang"
Span-based Localizing Network for Natural Language Video Localization,3,language grounding,,"Hao Zhang, Aixin Sun, Wei Jing and Joey Tianyi Zhou"
DTCA: Decision Tree-based Co-Attention Networks for Explainable Claim Verification,4,misinformation; interpretability,,"Lianwei Wu, Yuan Rao, Yongqiang Zhao, Hao Liang and Ambreen Nazir"
Fine-Grained Analysis of Cross-Linguistic Syntactic Divergences,1,linguistics,,"Dmitry Nikolaev, Ofir Arviv, Taelin Karidi, Neta Kenneth, Veronika Mitnik, Lilja Maria Saeboe and Omri Abend"
Curriculum Pre-training for End-to-End Speech Translation,4,speech; machine translation,,"Chengyi Wang, Yu Wu, Shujie Liu, Ming Zhou and Zhenglu Yang"
The State and Fate of Linguistic Diversity and Inclusion in the NLP World,1,linguistics,,"Pratik Joshi, Sebastin Santy, Amar Budhiraja, Kalika Bali and Monojit Choudhury"
Predicting the Focus of Negation: Model and Error Analysis,2,semantic parsing,,"Md Mosharaf Hossain, Kathleen Hamilton, Alexis Palmer and Eduardo Blanco"
Automatic Poetry Generation from Prosaic Text,4,poetry generation,,Tim Van de Cruys
Building a User-Generated Content North-African Arabizi Treebank: Tackling Hell,2,syntax parsing; low-resource,,"Djamé Seddah, Farah Essaidi, Amal Fethi, Matthieu Futeral, Benjamin Muller, Pedro Javier Ortiz Suárez, Benoît Sagot and Abhishek Srivastava"
Towards Understanding Gender Bias in Relation Extraction,2,bias; information extraction,,"Andrew Gaut, Tony Sun, Shirlyn Tang, Yuxin Huang, Jing Qian, Mai ElSherief, Jieyu Zhao, Diba Mirza, Elizabeth Belding, Kai-Wei Chang and William Yang Wang"
Storytelling with Dialogue: A Critical Role Dungeons and Dragons Dataset,4,dialog; story generaton,,Revanth Rameshkumar and Peter Bailey
A Study of Non-autoregressive Model for Sequence Generation,2,model architecture,,"Yi Ren, Jinglin Liu, Xu Tan, Zhou Zhao, Sheng Zhao and Tie-Yan Liu"
Weight Poisoning Attacks on Pretrained Models,2,robustness,,"Keita Kurita, Paul Michel and Graham Neubig"
SpellGCN: Incorporating Phonological and Visual Similarities into Language Models for Chinese Spelling Check,4,grammatical error correction,,"Xingyi Cheng, Weidi Xu, Kunlong Chen, Shaohua Jiang, Feng Wang, Taifeng Wang, Wei Chu and Yuan Qi"
Pre-train and Plug-in: Flexible Conditional Text Generation with Variational Auto-Encoders,2,model architecture,,"Yu Duan, Canwen Xu, Jiaxin Pei, Jialong Han and Chenliang Li"
Generating Counter Narratives against Online Hate Speech: Data and Strategies,4,toxic language,,"Serra Sinem Tekiroğlu, Yi-Ling Chung and Marco Guerini"
Toxicity Detection: Does Context Really Matter?,3,toxic language,,"John Pavlopoulos, Jeffrey Sorensen, Lucas Dixon, Nithum Thain and Ion Androutsopoulos"
"“Who said it, and Why?” Provenance for Natural Language Claims",4,misinformation,,"Yi Zhang, Zachary Ives and Dan Roth"
A Generative Model for Joint Natural Language Understanding and Generation,2,model architecture; information extraction; data-to-text generation,,"Bo-Hsiang Tseng, Jianpeng Cheng, Yimai Fang and David Vandyke"
Exploring Unexplored Generalization Challenges for Cross-Database Semantic Parsing,2,semantic parsing; robustness,,"Alane Suhr, Ming-Wei Chang, Peter Shaw and Kenton Lee"
MART: Memory-Augmented Recurrent Transformer for Coherent Video Paragraph Captioning,3,caption generation,,"Jie Lei, Liwei Wang, Yelong Shen, Dong Yu, Tamara Berg and Mohit Bansal"
Learning Efficient Dialogue Policy from Demonstrations through Shaping,3,dialog,,"Huimin Wang, Baolin Peng and Kam-Fai Wong"
MMPE: A Multi-Modal Interface for Post-Editing Machine Translation,4,machine translation,,"Nico Herbig, Tim Düwel, Santanu Pal, Kalliopi Maria Meladaki, Mahsa Monshizadeh, Antonio Krüger and Josef van Genabith"
Modeling Morphological Typology for Unsupervised Learning of Language Morphology,2,morphology,,"Hongzhi Xu, Jordan Kodner, Mitchell Marcus and Charles Yang"
A Monolingual Approach to Contextualized Word Embeddings for Mid-Resource Languages,2,low-resource; word meaning,,"Pedro Javier Ortiz Suárez, Laurent Romary and Benoît Sagot"
Beyond Possession Existence: Duration and Co-Possession,4,semantic parsing,,"Dhivya Chinnappa, Srikala Murugan and Eduardo Blanco"
Grounding Conversations with Improvised Dialogues,3,dialog; language grounding,,Hyundong Cho and Jonathan May
Improving Segmentation for Technical Support Problems,3,segmentation,,Kushal Chauhan and Abhirut Gupta
Don’t Stop Pretraining: Adapt Language Models to Domains and Tasks,2,model architecture; greenNLP,,"Suchin Gururangan, Ana Marasović, Swabha Swayamdipta, Kyle Lo, Iz Beltagy, Doug Downey and Noah A. Smith"
KinGDOM: Knowledge-Guided DOMain adaptation for sentiment analysis,3; 4,sentiment and argument analysis,,"Deepanway Ghosal, Devamanyu Hazarika, Abhinaba Roy, Navonil Majumder, Rada Mihalcea and Soujanya Poria"
Taxonomy Construction of Unseen Domains via Graph-based Cross-Domain Knowledge Transfer,2,knowledge graph,,"Chao Shang, Sarthak Dash, Md Faisal Mahbub Chowdhury, Nandana Mihindukulasooriya and Alfio Gliozzo"
Improving Multi-hop Question Answering over Knowledge Graphs using Knowledge Base Embeddings,3;4,question answering; knowledge graph,,"Apoorv Saxena, Aditay Tripathi and Partha Talukdar"
Leveraging Graph to Improve Abstractive Multi-Document Summarization,3;4,summarization,,"Wei Li, Xinyan Xiao, Jiachen Liu, Hua Wu, Haifeng Wang and Junping Du"
Explicit Semantic Decomposition for Definition Generation,3,data-to-text generation,,"Jiahuan Li, Yu Bao, Shujian Huang, Xinyu Dai and Jiajun Chen"
Fast and Accurate Deep Bidirectional Language Representations for Unsupervised Learning,2,model architecture,,"Joongbo Shin, Yoonhyung Lee, Seunghyun Yoon and Kyomin Jung"
Translationese as a Language in “Multilingual” NMT,3;4,machine translation,,"Parker Riley, Isaac Caswell, Markus Freitag and David Grangier"
Pretraining with Contrastive Sentence Objectives Improves Discourse Performance of Language Models,2,model architecture,,"Dan Iter, Kelvin Guu, Larry Lansing and Dan Jurafsky"
Zero-shot Text Classification via Reinforced Self-training,3,sentiment and argument analysis,,"Zhiquan Ye, Yuxia Geng, Jiaoyan Chen, Jingmin Chen, Xiaoxiao Xu, Suhang Zheng, Feng Wang, Jun Zhang and Huajun Chen"
Hierarchical Entity Typing via Multi-level Learning to Rank,2,information extraction; knowledge graph,,"Tongfei Chen, Yunmo Chen and Benjamin Van Durme"
GLUECoS: An Evaluation Benchmark for Code-Switched NLP,2,machine translation,,"Simran Khanuja, Sandipan Dandapat, Anirudh Srinivasan, Sunayana Sitaram and Monojit Choudhury"
Semi-Supervised Semantic Dependency Parsing Using CRF Autoencoders,2,syntax parsing; semantic parsing,,"Zixia Jia, Youmi Ma, Jiong Cai and Kewei Tu"
Multiscale Collaborative Deep Models for Neural Machine Translation,3,machine translation,,"Xiangpeng Wei, Heng Yu, Yue Hu, Yue Zhang, Rongxiang Weng and Weihua Luo"
NAT: Noise-Aware Training for Robust Neural Sequence Labeling,2,semantic parsing,,"Marcin Namysl, Sven Behnke and Joachim Köhler"
Highway Transformer: Self-Gating Enhanced Self-Attentive Networks,2,model architecture,,"Yekun Chai, Shuo Jin and Xinwen Hou"
Cross-Lingual Semantic Role Labeling with High-Quality Translated Training Corpus,2,semantic parsing,,"Hao Fei, Meishan Zhang and Donghong Ji"
Improving Transformer Models by Reordering their Sublayers,2,model architecture,,"Ofir Press, Noah A. Smith and Omer Levy"
ESPRIT: Explaining Solutions to Physical Reasoning Tasks,3,interpretability; inference,,"Nazneen Fatema Rajani, Rui Zhang, Yi Chern Tan, Stephan Zheng, Jeremy Weiss, Aadit Vyas, Abhijit Gupta, Caiming Xiong, Richard Socher and Dragomir Radev"
ERASER: A Benchmark to Evaluate Rationalized NLP Models,2; 3,interpretability,interpretability,"Jay DeYoung, Sarthak Jain, Nazneen Fatema Rajani, Eric Lehman, Caiming Xiong, Richard Socher and Byron C. Wallace"
BLEURT: Learning Robust Metrics for Text Generation,2,metric,,"Thibault Sellam, Dipanjan Das and Ankur Parikh"
Gender Gap in Natural Language Processing Research: Disparities in Authorship and Citations,2,bias,bias,Saif M. Mohammad
BabyWalk: Going Farther in Vision-and-Language Navigation by Taking Baby Steps,3,language grounding,,"Wang Zhu, Hexiang Hu, Jiacheng Chen, Zhiwei Deng, Vihan Jain, Eugene Ie and Fei Sha"
Review-based Question Generation with Adaptive Instance Transfer and Augmentation,2,question answering,,"Qian Yu, Lidong Bing, Qiong Zhang, Wai Lam and Luo Si"
On the Encoder-Decoder Incompatibility in Variational Text Modeling and Beyond,2,model architecture,,"Chen Wu, Prince Zizhuang Wang and William Yang Wang"
One Size Does Not Fit All: Generating and Evaluating Variable Number of Keyphrases,3,topic modeling,,"Xingdi Yuan, Tong Wang, Rui Meng, Khushboo Thaker, Peter Brusilovsky, Daqing He and Adam Trischler"
Structure-Level Knowledge Distillation For Multilingual Sequence Labeling,2,information extraction,,"Xinyu Wang, Yong Jiang, Nguyen Bach, Tao Wang, Fei Huang and Kewei Tu"
Phonetic and Visual Priors for Decipherment of Informal Romanization,3,word transformation,,"Maria Ryskina, Matthew R. Gormley and Taylor Berg-Kirkpatrick"
FEQA: A Question Answering Evaluation Framework for Faithfulness Assessment in Abstractive Summarization,3,summarization; misinformation,misinformation,"Esin Durmus, He He and Mona Diab"
Sources of Transfer in Multilingual Named Entity Recognition,2,information extraction,,"David Mueller, Nicholas Andrews and Mark Dredze"
Automated Evaluation of Writing – 50 Years and Counting,2,metric,,Beata Beigman Klebanov and Nitin Madnani
Learning to Deceive with Attention-Based Explanations,2,interpretability; model architecture,,"Danish Pruthi, Mansi Gupta, Bhuwan Dhingra, Graham Neubig and Zachary C. Lipton"
Improving Disfluency Detection by Self-Training a Self-Attentive Model,3,speech,,Paria Jamshid Lou and Mark Johnson
Enhancing Cross-target Stance Detection with Transferable Semantic-Emotion Knowledge,3,stance detection,,"Bowen Zhang, Min Yang, Xutao Li, Yunming Ye, Xiaofei Xu and Kuai Dai"
Response-Anticipated Memory for On-Demand Knowledge Integration in Response Generation,3,dialog,,"Zhiliang Tian, Wei Bi, Dongkyu Lee, Lanqing Xue, Yiping Song, Xiaojiang Liu and Nevin L. Zhang"
"To Test Machine Comprehension, Start by Defining Comprehension",2,question answering,,"Jesse Dunietz, Greg Burnham, Akash Bharadwaj, Owen Rambow, Jennifer Chu-Carroll and Dave Ferrucci"
XtremeDistil: Multi-stage Distillation for Massive Multilingual Models,2,model architecture; greenNLP,,Subhabrata Mukherjee and Ahmed Hassan Awadallah
iSarcasm: A Dataset of Intended Sarcasm,3,sarcasm generation,,Silviu Oprea and Walid Magdy
Exclusive Hierarchical Decoding for Deep Keyphrase Generation,3,topic modeling,,"Wang Chen, Hou Pong Chan, Piji Li and Irwin King"
It’s Morphin’ Time! Combating Linguistic Discrimination with Inflectional Perturbations,2,bias; low-resource,bias,"Samson Tan, Shafiq Joty, Min-Yen Kan and Richard Socher"
Evaluating and Enhancing the Robustness of Neural Network-based Dependency Parsing Models with Adversarial Examples,2,syntax parsing; robustness,,"Xiaoqing Zheng, Jiehang Zeng, Yi Zhou, Cho-Jui Hsieh, Minhao Cheng and Xuanjing Huang"
Few-shot Slot Tagging with Collapsed Dependency Transfer and Label-enhanced Task-adaptive Projection Network,2,semantic parsing,,"Yutai Hou, Wanxiang Che, Yongkui Lai, Zhihan Zhou, Yijia Liu, Han Liu and Ting Liu"
Bootstrapping Techniques for Polysynthetic Morphological Analysis,2,morphology,,William Lane and Steven Bird
Rationalizing Medical Relation Prediction from Corpus-level Statistics,4,healthcare,healthcare,"Zhen Wang, Jennifer Lee, Simon Lin and Huan Sun"
"Sentiment and Emotion help Sarcasm? A Multi-task Learning Framework for Multi-Modal Sarcasm, Sentiment and Emotion Analysis",4,sarcasm generation; sentiment and argument analysis; emotion detection,,"Dushyant Singh Chauhan, Dhanush S R, Asif Ekbal and Pushpak Bhattacharyya"
"Amalgamation of protein sequence, structure and textual information for improving protein-protein interaction identification",4,biology,healthcare,Pratik Dutta and Sriparna Saha
A Call for More Rigor in Unsupervised Cross-lingual Learning,2,robustness,,"Mikel Artetxe, Sebastian Ruder, Dani Yogatama, Gorka Labaka and Eneko Agirre"
Discrete Optimization for Unsupervised Sentence Summarization with Word-Level Extraction,3,summarization,,"Raphael Schumann, Lili Mou, Yao Lu, Olga Vechtomova and Katja Markert"
Multi-Hypothesis Machine Translation Evaluation,2,metric,,"Marina Fomicheva, Lucia Specia and Francisco Guzmán"
PuzzLing Machines: A Challenge on Learning From Small Data,2,few-shot,,"Gözde Gül Şahin, Yova Kementchedjhieva, Phillip Rust and Iryna Gurevych"
SCDE: Sentence Cloze Dataset with High Quality Distractors From Examinations,2,language modeling,,"Xiang Kong, Varun Gangal and Eduard Hovy"
The Sensitivity of Language Models and Humans to Winograd Schema Perturbations,2,robustness; question answering,,"Mostafa Abdou, Vinit Ravishankar, Maria Barrett, Yonatan Belinkov, Desmond Elliott and Anders Søgaard"
"Simple, Interpretable and Stable Method for Detecting Words with Usage Change across Corpora",2,word meaning,,"Hila Gonen, Ganesh Jawahar, Djamé Seddah and Yoav Goldberg"
What determines the order of adjectives in English? Comparing efficiency-based theories using dependency treebanks,2,syntax parsing,,"Richard Futrell, William Dyer and Greg Scontras"
Information-Theoretic Probing for Linguistic Structure,2,syntax parsing,,"Tiago Pimentel, Josef Valvoda, Rowan Hall Maudslay, Ran Zmigrod, Adina Williams and Ryan Cotterell"
Multi-Sentence Argument Linking,3,sentiment and argument analysis,,"Seth Ebner, Patrick Xia, Ryan Culkin, Kyle Rawlins and Benjamin Van Durme"
TVQA+: Spatio-Temporal Grounding for Video Question Answering,3,question answering,,"Jie Lei, Licheng Yu, Tamara Berg and Mohit Bansal"
SpanMlt: A Span-based Multi-Task Learning Framework for Pair-wise Aspect and Opinion Terms Extraction,2,information extraction,,"He Zhao, Longtao Huang, Rong Zhang, Quan Lu and Hui Xue"
Knowledge Graph-Augmented Abstractive Summarization with Semantic-Driven Cloze Reward,3,summarization,,"Luyang Huang, Lingfei Wu and Lu Wang"
Biomedical Entity Representations with Synonym Marginalization,2,information extraction; knowledge graph,healthcare,"Mujeen Sung, Hwisang Jeon, Jinhyuk Lee and Jaewoo Kang"
Improving Disentangled Text Representation Learning with Information-Theoretic Guidance,2,text representation,,"Pengyu Cheng, Martin Renqiang Min, Dinghan Shen, Christopher Malon, Yizhe Zhang, Yitong Li and Lawrence Carin"
GoEmotions: A Dataset of Fine-Grained Emotions,3,emotion detection,,"Dorottya Demszky, Dana Movshovitz-Attias, Jeongwoo Ko, Alan Cowen, Gaurav Nemade and Sujith Ravi"
MIND: A Large-scale Dataset for News Recommendation,4,recommendation,,"Fangzhao Wu, Ying Qiao, Jiun-Hung Chen, Chuhan Wu, Tao Qi, Jianxun Lian, Danyang Liu, Xing Xie, Jianfeng Gao, Winnie Wu and Ming Zhou"
Structural Information Preserving for Graph-to-Text Generation,3,data-to-text generation,,"Linfeng Song, Ante Wang, Jinsong Su, Yue Zhang, Kun Xu, Yubin Ge and Dong Yu"
Joint Modelling of Emotion and Abusive Language Detection,4,emotion detection; toxic language,mental healthcare,"Santhosh Rajamanickam, Pushkar Mishra, Helen Yannakoudakis and Ekaterina Shutova"
Efficient Second-Order TreeCRF for Neural Dependency Parsing,2,syntax parsing,,"Yu Zhang, Zhenghua Li and Min Zhang"
Automatic Generation of Citation Texts in Scholarly Papers: A Pilot Study,2,citation generation,,"Xinyu Xing, Xiaosheng Fan and Xiaojun Wan"
Towards Unsupervised Language Understanding and Generation by Joint Dual Learning,2,information extraction; data-to-text generation,,"Shang-Yu Su, Chao-Wei Huang and Yun-Nung Chen"
Learning to Ask More: Semi-Autoregressive Sequential Question Generation under Dual-Graph Interaction,2,question answering,,Zi Chai and Xiaojun Wan
Modeling Code-Switch Languages Using Bilingual Parallel Corpus,2,machine translation,,Grandee Lee and Haizhou Li
SPECTER: Document-level Representation Learning using Citation-informed Transformers,2,text representation,,"Arman Cohan, Sergey Feldman, Iz Beltagy, Doug Downey and Daniel Weld"
A Joint Neural Model for Information Extraction with Global Features,2,information extraction,,"Ying Lin, Heng Ji, Fei Huang and Lingfei Wu"
Uncertainty-Aware Curriculum Learning for Neural Machine Translation,3;4 ,machine translation,,"Yikai Zhou, Baosong Yang, Derek F. Wong, Yu Wan and Lidia S. Chao"
Neural Reranking for Dependency Parsing: An Evaluation,2,syntax parsing,,Bich-Ngoc Do and Ines Rehbein
Hooks in the Headline: Learning to Generate Headlines with Controlled Styles,4,summarization; style transfer,,"Di Jin, Zhijing Jin, Joey Tianyi Zhou, Lisa Orii and Peter Szolovits"
Learning Architectures from an Extended Search Space for Language Modeling,2,language modeling; model architecture,,"Yinqiao Li, Chi Hu, Yuhao Zhang, Nuo Xu, Yufan Jiang, Tong Xiao, Jingbo Zhu, Tongran Liu and Changliang Li"
Analyzing Political Parody in Social Media,4,legal and political text; social media,,"Antonios Maronikolakis, Danae Sánchez Villegas, Daniel Preotiuc-Pietro and Nikolaos Aletras"
Automatic Detection of Generated Text is Easiest when Humans are Fooled,2,interpretability,,"Daphne Ippolito, Daniel Duckworth, Chris Callison-Burch and Douglas Eck"
Improving Adversarial Text Generation by Modeling the Distant Future,2,robustness,,"Ruiyi Zhang, Changyou Chen, Zhe Gan, Wenlin Wang, Dinghan Shen, Guoyin Wang, Zheng Wen and Lawrence Carin"
HAT: Hardware-Aware Transformers for Efficient Natural Language Processing,2,model architecture,,"Hanrui Wang, Zhanghao Wu, Zhijian Liu, Han Cai, Ligeng Zhu, Chuang Gan and Song Han"
Effective Inter-Clause Modeling for End-to-End Emotion-Cause Pair Extraction,3,emotion detection,,"Penghui Wei, Jiahao Zhao and Wenji Mao"
Neighborhood Matching Network for Entity Alignment,2,information extraction,,"Yuting Wu, Xiao Liu, Yansong Feng, Zheng Wang and Dongyan Zhao"
Frugal Paradigm Completion,2,morphology,,"Alexander Erdmann, Tom Kenter, Markus Becker and Christian Schallhart"
Improving Truthfulness of Headline Generation,4,summarization; misinformation,misinformation,"Kazuki Matsumaru, Sho Takase and Naoaki Okazaki"
Unsupervised Multimodal Neural Machine Translation with Pseudo Visual Pivoting,3,machine translation; language grounding,,"Po-Yao Huang, Junjie Hu, Xiaojun Chang and Alexander Hauptmann"
Low-Dimensional Hyperbolic Knowledge Graph Embeddings,2,knowledge graph,,"Ines Chami, Adva Wolf, Da-Cheng Juan, Frederic Sala, Sujith Ravi and Christopher Ré"
Programming in Natural Language with fuSE: Synthesizing Methods from Spoken Utterances Using Deep Natural Language Understanding,4,code,,"Sebastian Weigelt, Vanessa Steurer, Tobias Hey and Walter F. Tichy"
Towards Robustifying NLI Models Against Lexical Dataset Biases,2,bias; robustness,bias,Xiang Zhou and Mohit Bansal
Fact-based Text Editing,3,misinformation,,"Hayate Iso, Chao Qiao and Hang Li"
Towards Emotion-aided Multi-modal Dialogue Act Classification,3,dialog,,"Tulika Saha, Aditya Patra, Sriparna Saha and Pushpak Bhattacharyya"
Clinical Reading Comprehension: A Thorough Analysis of the emrQA Dataset,3,healthcare; question answering,healthcare,"Xiang Yue, Bernal Jimenez Gutierrez and Huan Sun"
Understanding Attention for Text Classification,2,interpretability; sentiment and argument analysis,,Xiaobing Sun and Wei Lu
From Arguments to Key Points: Towards Automatic Argument Summarization,3,summarization; sentiment and argument analysis,,"Roy Bar-Haim, Lilach Eden, Roni Friedman, Yoav Kantor, Dan Lahav and Noam Slonim"
On Faithfulness and Factuality in Abstractive Summarization,4,summarization; misinformation,,"Joshua Maynez, Shashi Narayan, Bernd Bohnet and Ryan McDonald"
Pyramid: A Layered Model for Nested Named Entity Recognition,2,information extraction,,"Jue Wang, Lidan Shou, Ke Chen and Gang Chen"
Facet-Aware Evaluation for Extractive Summarization,2,metric; summarization,,"Yuning Mao, Liyuan Liu, Qi Zhu, Xiang Ren and Jiawei Han"
Beyond User Self-Reported Likert Scale Ratings: A Comparison Model for Automatic Dialog Evaluation,2,metric; dialog,,"Weixin Liang, James Zou and Zhou Yu"
ScriptWriter: Narrative-Guided Script Generation,3,generation,,"Yutao Zhu, Ruihua Song, Zhicheng Dou, Jian-Yun Nie and Jin Zhou"
Out of the Echo Chamber: Detecting Countering Debate Speeches,4,social media,,"Matan Orbach, Yonatan Bilu, Assaf Toledo, Dan Lahav, Michal Jacovi, Ranit Aharonov and Noam Slonim"
Explicit Memory Tracker with Coarse-to-Fine Reasoning for Conversational Machine Reading,3,question answering; dialog,,"Yifan Gao, Chien-Sheng Wu, Shafiq Joty, Caiming Xiong, Richard Socher, Irwin King, Michael Lyu and Steven C.H. Hoi"
Diversifying Dialogue Generation with Non-Conversational Text,3,dialog,,"Hui Su, Xiaoyu Shen, Sanqiang Zhao, Zhou Xiao, Pengwei Hu, Randy Zhong, Cheng Niu and Jie Zhou"
Transition-based Directed Graph Construction for Emotion-Cause Pair Extraction,3,emotion detection,,"Chuang Fan, Chaofa Yuan, Jiachen Du, Lin Gui, Min Yang and Ruifeng Xu"
Learning to Recover from Multi-Modality Errors for Non-Autoregressive Neural Machine Translation,3,machine translation,,"Qiu Ran, Yankai Lin, Peng Li and Jie Zhou"
That is a Known Lie: Detecting Previously Fact-Checked Claims,4,misinformation,misinformation,"Shaden Shaar, Nikolay Babulkov, Giovanni Da San Martino and Preslav Nakov"
Mapping Natural Language Instructions to Mobile UI Action Sequences,4,interactive system,,"Yang Li, Jiacong He, Xin Zhou, Yuan Zhang and Jason Baldridge"
ASSET: A Dataset for Tuning and Evaluation of Sentence Simplification Models with Multiple Rewriting Transformations,3,simplification,,"Fernando Alva-Manchego, Louis Martin, Antoine Bordes, Carolina Scarton, Benoît Sagot and Lucia Specia"
The Unstoppable Rise of Computational Linguistics in Deep Learning,1,linguistics,,James Henderson
Posterior Control of Blackbox Generation,2,generation; model architecture,,Xiang Lisa Li and Alexander Rush
An Effective Transition-based Model for Discontinuous NER,2,information extraction,,"Xiang Dai, Sarvnaz Karimi, Ben Hachey and Cecile Paris"
Towards Holistic and Automatic Evaluation of Open-Domain Dialogue Generation,2,dialog; metric,,"Bo Pang, Erik Nijkamp, Wenjuan Han, Linqi Zhou, Yixian Liu and Kewei Tu"
Improving Image Captioning with Better Use of Caption,4,caption generation,,"Zhan Shi, Xu Zhou, Xipeng Qiu and Xiaodan Zhu"
Multi-Agent Task-Oriented Dialog Policy Learning with Role-Aware Reward Decomposition,4,dialog,,"Ryuichi Takanobu, Runze Liang and Minlie Huang"
Aspect Sentiment Classification with Document-level Sentiment Preference Modeling,4,sentiment and argument analysis,,"Xiao Chen, Changlong Sun, Jingjing Wang, Shoushan Li, Luo Si, Min Zhang and Guodong Zhou"
Asking and Answering Questions to Evaluate the Factual Consistency of Summaries,4,summarization; misinformation,misinformation,"Alex Wang, Kyunghyun Cho and Mike Lewis"
Machine Reading of Historical Events,4,information extraction,,"Or Honovich, Lucas Torroba Hennigen, Omri Abend and Shay B. Cohen"
Cross-Linguistic Syntactic Evaluation of Word Prediction Models,2,language modeling,,"Aaron Mueller, Garrett Nicolai, Panayiota Petrou-Zeniou, Natalia Talmina and Tal Linzen"
A Formal Hierarchy of RNN Architectures,2,model architecture,,"William Merrill, Gail Weiss, Yoav Goldberg, Roy Schwartz, Noah A. Smith and Eran Yahav"
Obtaining Faithful Interpretations from Compositional Neural Networks,2,interpretability,interpretability,"Sanjay Subramanian, Ben Bogin, Nitish Gupta, Tomer Wolfson, Sameer Singh, Jonathan Berant and Matt Gardner"
Multi-Domain Named Entity Recognition with Genre-Aware and Agnostic Inference,2,information extraction,,"Jing Wang, Mayank Kulkarni and Daniel Preotiuc-Pietro"
History for Visual Dialog: Do we really need it?,2,dialog,,"Shubham Agarwal, Trung Bui, Joon-Young Lee, Ioannis Konstas and Verena Rieser"
MobileBERT: a Compact Task-Agnostic BERT for Resource-Limited Devices,3,model architecture; greenNLP,,"Zhiqing Sun, Hongkun Yu, Xiaodan Song, Renjie Liu, Yiming Yang and Denny Zhou"
The Dialogue Dodecathlon: Open-Domain Knowledge and Image Grounded Conversational Agents,3,dialog; language grounding,,"Kurt Shuster, Da JU, Stephen Roller, Emily Dinan, Y-Lan Boureau and Jason Weston"
Probing Linguistic Systematicity,1;2,linguistics,,"Emily Goodwin, Koustuv Sinha and Timothy J. O’Donnell"
Active Imitation Learning with Noisy Guidance,2,model architecture; information extraction,,"Kianté Brantley, Hal Daumé III and Amr Sharaf"
Exploiting the Syntax-Model Consistency for Neural Relation Extraction,2,information extraction,,"Amir Pouran Ben Veyseh, Franck Dernoncourt, Dejing Dou and Thien Huu Nguyen"
Evaluating Explainable AI: Which Algorithmic Explanations Help Users Predict Model Behavior?,2,interpretability; metrics,interpretability,Peter Hase and Mohit Bansal
Joint Chinese Word Segmentation and Part-of-speech Tagging via Two-way Attentions of Auto-analyzed Knowledge,2,segmentation; tagging,,"Yuanhe Tian, Yan Song, Xiang Ao, Fei Xia, Xiaojun Quan, Tong Zhang and Yonggang Wang"
Hard-Coded Gaussian Attention for Neural Machine Translation,3,machine translation,,"Weiqiu You, Simeng Sun and Mohit Iyyer"
CH-SIMS: A Chinese Multimodal Sentiment Analysis Dataset with Fine-grained Annotation of Modality,3,sentiment and argument analysis,,"Wenmeng Yu, Hua Xu, Fanyang Meng, Yilin Zhu, Yixiao Ma, Jiele Wu, Jiyun Zou and Kaicheng Yang"
RAT-SQL: Relation-Aware Schema Encoding and Linking for Text-to-SQL Parsers,3,semantic parsing,,"Bailin Wang, Richard Shin, Xiaodong Liu, Oleksandr Polozov and Matthew Richardson"
Jointly Learning to Align and Summarize for Neural Cross-Lingual Summarization,3;4,summarization; machine translation,,"Yue Cao, Hui Liu and Xiaojun Wan"
Data Manipulation: Towards Effective Instance Learning for Neural Dialogue Generation via Learning to Augment and Reweight,3,dialog,,"Hengyi Cai, Hongshen Chen, Yonghao Song, Cheng Zhang, Xiaofang Zhao and Dawei Yin"
Perturbed Masking: Parameter-free Probing for Analyzing and Interpreting BERT,2,interpretability,interpretability,"Zhiyong Wu, Yun Chen, Ben Kao and Qun Liu"
Unsupervised Paraphrasing by Simulated Annealing,3,paraphrase,,"Xianggen Liu, Lili Mou, Fandong Meng, Hao Zhou, Jie Zhou and Sen Song"
Extractive Summarization as Text Matching,3,summarization,,"Ming Zhong, Pengfei Liu, Yiran Chen, Danqing Wang, Xipeng Qiu and Xuanjing Huang"
Code and Named Entity Recognition in StackOverflow,4,information extraction; code,,"Jeniya Tabassum, Mounica Maddela, Wei Xu and Alan Ritter"
Named Entity Recognition without Labelled Data: A Weak Supervision Approach,2,information extraction,,"Pierre Lison, Jeremy Barnes, Aliaksandr Hubin and Samia Touileb"
Unsupervised Morphological Paradigm Completion,2,morphology,,"Huiming Jin, Liwei Cai, Yihui Peng, Chen Xia, Arya McCarthy and Katharina Kann"
CraftAssist Instruction Parsing: Semantic Parsing for a Voxel-World Assistant,4,semantic parsing; interactive system,,"Kavya Srinet, Yacine Jernite, Jonathan Gray and Arthur Szlam"
He said “who’s gonna take care of your children when you are at ACL?”: Reported Sexist Acts are Not Sexist,2,bias,bias,"Patricia Chiril, Véronique Moriceau, Farah Benamara, Alda Mari, Gloria Origgi and Marlène Coulomb-Gully"
Neural Topic Modeling with Bidirectional Adversarial Training,2,robustness; topic modeling,,"Rui Wang, Xuemeng Hu, Deyu Zhou, Yulan He, Yuxuan Xiong, Chenchen Ye and Haiyang Xu"
Dice Loss for Data-imbalanced NLP Tasks,2,bias,bias,"Xiaoya Li, Xiaofei Sun, Yuxian Meng, Junjun Liang, Fei Wu and Jiwei Li"
Interactive Construction of User-Centric Dictionary for Text Analytics,4,interactive system,,"Ryosuke Kohita, Issei Yoshida, Hiroshi Kanayama and Tetsuya Nasukawa"
Norm-Based Curriculum Learning for Neural Machine Translation,3,machine translation,,"Xuebo Liu, Houtim Lai, Derek F. Wong and Lidia S. Chao"
A Systematic Assessment of Syntactic Generalization in Neural Language Models,2,language modeling; interpretability,,"Jennifer Hu, Jon Gauthier, Peng Qian, Ethan Wilcox and Roger Levy"
Demographics Should Not Be the Reason of Toxicity: Mitigating Discrimination in Text Classifications with Instance Weighting,4,toxic language; bias,mental health; bias,"Guanhua Zhang, Bing Bai, Junqi Zhang, Kun Bai, Conghui Zhu and Tiejun Zhao"
A Methodology for Creating Question Answering Corpora Using Inverse Data Annotation,2,question answering,,"Jan Deriu, Katsiaryna Mlynchyk, Philippe Schläpfer, Alvaro Rodrigo, Dirk von Grünigen, Nicolas Kaiser, Kurt Stockinger, Eneko Agirre and Mark Cieliebak"
Feature Projection for Improved Text Classification,3,sentiment and argument analysis,,"Qi Qin, Wenpeng Hu and Bing Liu"
Revisiting the Context Window for Cross-lingual Word Embeddings,2,word meaning,,Ryokan Ri and Yoshimasa Tsuruoka
Relational Graph Attention Network for Aspect-based Sentiment Analysis,3,sentiment and argument analysis,,"Kai Wang, Weizhou Shen, Yunyi Yang, Xiaojun Quan and Rui Wang"
Intermediate-Task Transfer Learning with Pretrained Language Models: When and Why Does It Work?,2,language modeling; interpretability,,"Yada Pruksachatkun, Jason Phang, Haokun Liu, Phu Mon Htut, Xiaoyi Zhang, Richard Yuanzhe Pang, Clara Vania, Katharina Kann and Samuel R. Bowman"
Text and Causal Inference: A Review of Using Text to Remove Confounding from Causal Estimates,2,social science,,"Katherine Keith, David Jensen and Brendan O’Connor"
Multi-agent Communication meets Natural Language: Synergies between Functional and Structural Language Learning,2,emergent languages,,"Angeliki Lazaridou, Anna Potapenko and Olivier Tieleman"
Curriculum Learning for Natural Language Understanding,2,information extraction,,"Benfeng Xu, Licheng Zhang, Zhendong Mao, Quan Wang, Hongtao Xie and Yongdong Zhang"
BERTRAM: Improved Word Embeddings Have Big Impact on Contextualized Model Performance,2,word meaning,,Timo Schick and Hinrich Schütze
TAG : Type Auxiliary Guiding for Code Comment Generation,3,code,,"Ruichu Cai, Zhihao Liang, Boyan Xu, zijian li, Yuexing Hao and Yao Chen"
Recurrent Chunking Mechanisms for Long-Text Machine Reading Comprehension,3,question answering,,"Hongyu Gong, Yelong Shen, Dian Yu, Jianshu Chen and Dong Yu"
How Does NLP Benefit Legal System: A Summary of Legal Artificial Intelligence,4,legal and political text,,"Haoxi Zhong, Chaojun Xiao, Cunchao Tu, Tianyang Zhang, Zhiyuan Liu and Maosong Sun"
Modelling Context and Syntactical Features for Aspect-based Sentiment Analysis,3,sentiment and argument analysis,,Minh Hieu Phan and Philip O. Ogunbona
Pre-training Is (Almost) All You Need: An Application to Commonsense Reasoning,3,inference,,"Alexandre Tamborrino, Nicola Pellicanò, Baptiste Pannier, Pascal Voitot and Louise Naudin"
Image-Chat: Engaging Grounded Conversations,4,dialog; language grounding,,"Kurt Shuster, Samuel Humeau, Antoine Bordes and Jason Weston"
Learning Dialog Policies from Weak Demonstrations,3,dialog,,"Gabriel Gordon-Hall, Philip John Gorinski and Shay B. Cohen"
SimulSpeech: End-to-End Simultaneous Speech to Text Translation,3,speech,,"Yi Ren, Jinglin Liu, Xu Tan, Chen Zhang, Tao Qin, Zhou Zhao and Tie-Yan Liu"
Document-Level Event Role Filler Extraction using Multi-Granularity Contextualized Encoding,2,information extraction,,Xinya Du and Claire Cardie
Diverse and Informative Dialogue Generation with Context-Specific Commonsense Knowledge Awareness,3,dialog,,"Sixing Wu, Ying Li, Dawei Zhang, Yang Zhou and Zhonghai Wu"
Dense-Caption Matching and Frame-Selection Gating for Temporal Localization in VideoQA,2,question answering,,"Hyounghun Kim, Zineng Tang and Mohit Bansal"
Hierarchy-Aware Global Model for Hierarchical Text Classification,2,sentiment and argument analysis,,"Jie Zhou, Chunping Ma, Dingkun Long, Guangwei Xu, Ning Ding, Haoyu Zhang, Pengjun Xie and Gongshen Liu"
SKEP: Sentiment Knowledge Enhanced Pre-training for Sentiment Analysis,2,sentiment and argument analysis,,"Hao Tian, Can Gao, Xinyan Xiao, Hao Liu, Bolei He, Hua Wu, Haifeng Wang and Feng Wu"
Influence Paths for Characterizing Subject-Verb Number Agreement in LSTM Language Models,2,language modeling; syntax parsing,,"Kaiji Lu, Piotr Mardziel, Klas Leino, Matt Fredrikson and Anupam Datta"
GCAN: Graph-aware Co-Attention Networks for Explainable Fake News Detection on Social Media,4,misinformation; interpretability,misinformation; interpretability,Yi-Ju Lu and Cheng-Te Li
An Effectiveness Metric for Ordinal Classification: Formal Properties and Experimental Results,2,sentiment and argument analysis; metrics,,"Enrique Amigo, Julio Gonzalo, Stefano Mizzaro and Jorge Carrillo-de-Albornoz"
Discrete Latent Variable Representations for Low-Resource Text Classification,2,sentiment and argument analysis; text representation,,"Shuning Jin, Sam Wiseman, Karl Stratos and Karen Livescu"
LogicalFactChecker: Leveraging Logical Operations for Fact Checking with Graph Module Network,4,misinformation,misinformation,"Wanjun Zhong, Duyu Tang, Zhangyin Feng, Nan Duan, Ming Zhou, Ming Gong, Linjun Shou, Daxin Jiang, Jiahai Wang and Jian Yin"
Temporal Common Sense Acquisition with Minimal Supervision,2,knowledge graph,,"Ben Zhou, Qiang Ning, Daniel Khashabi and Dan Roth"
Dialogue-Based Relation Extraction,3,information extraction; dialog,,"Dian Yu, Kai Sun, Claire Cardie and Dong Yu"
SeqVAT: Virtual Adversarial Training for Semi-Supervised Sequence Labeling,2,information extraction,,"Luoxin Chen, Weitong Ruan, Xinyue Liu and Jianhua Lu"
Predicting Performance for Natural Language Processing Tasks,2,metrics,,"Mengzhou Xia, Antonios Anastasopoulos, Ruochen Xu, Yiming Yang and Graham Neubig"
The Paradigm Discovery Problem,2,morphology,,"Alexander Erdmann, Micha Elsner, Shijie Wu, Ryan Cotterell and Nizar Habash"
When do Word Embeddings Accurately Reflect Surveys on our Beliefs About People?,2,word meaning,,Kenneth Joseph and Jonathan Morgan
Selecting Backtranslated Data from Multiple Sources for Improved Neural Machine Translation,3,machine translation,,"Xabier Soto, Dimitar Shterionov, Alberto Poncelas and Andy Way"
ReInceptionE: Relation-Aware Inception Network with Joint Local-Global Structural Information for Knowledge Graph Embedding,2,knowledge graph,,"Zhiwen Xie, Guangyou Zhou, Jin Liu and Jimmy Xiangji Huang"
INSET: Sentence Infilling with INter-SEntential Transformer,3,language modeling,,"Yichen Huang, Yizhe Zhang, Oussama Elachqar and Yu Cheng"
Multi-Domain Neural Machine Translation with Word-Level Adaptive Layer-wise Domain Mixing,3,machine translation,,"Haoming Jiang, Chen Liang, Chong Wang and Tuo Zhao"
An analysis of the utility of explicit negative examples to improve the syntactic abilities of neural language models,2,language modeling; interpretability,interpretability,Hiroshi Noji and Hiroya Takamura
How does BERT’s attention change when you fine-tune? An analysis methodology and a case study in negation scope,2,language modeling; interpretability,interpretability,Yiyun Zhao and Steven Bethard
TACRED Revisited: A Thorough Evaluation of the TACRED Relation Extraction Task,2,metrics; information extraction,,"Christoph Alt, Aleksandra Gabryszak and Leonhard Hennig"
Examining the State-of-the-Art in News Timeline Summarization,2,summarization,,Demian Gholipour Ghalandari and Georgiana Ifrim
Adversarial NLI: A New Benchmark for Natural Language Understanding,2,robustness; NLI,robustness,"Yixin Nie, Adina Williams, Emily Dinan, Mohit Bansal, Jason Weston and Douwe Kiela"
End-to-End Neural Pipeline for Goal-Oriented Dialogue Systems using GPT-2,3,dialog,,"Donghoon Ham, Jeong-Gwan Lee, Youngsoo Jang and Kee-Eung Kim"
End-to-End Neural Word Alignment Outperforms GIZA++,3,machine translation,,"Thomas Zenkel, Joern Wuebker and John DeNero"
TransS-Driven Joint Learning Architecture for Implicit Discourse Relation Recognition,2,information extraction,,"Ruifang He, Jian Wang, Fengyu Guo and Yugui Han"
Fine-grained Interest Matching for Neural News Recommendation,3;4,recommendation,,"Heyuan Wang, Fangzhao Wu, Zheng Liu and Xing Xie"
To Boldly Query What No One Has Annotated Before? The Frontiers of Corpus Querying,2,information retrieval,,Markus Gärtner and Kerstin Jung
Semantic Graphs for Generating Deep Questions,2,question answering,,"Liangming Pan, Yuxi Xie, Yansong Feng, Tat-Seng Chua and Min-Yen Kan"
Conditional Augmentation for Aspect Term Extraction via Masked Sequence-to-Sequence Generation,2,sentiment and argument analysis,,"Kun Li, Chengbo Chen, Xiaojun Quan, Qing Ling and Yan Song"
On the Inference Calibration of Neural Machine Translation,2,machine translation,,"Shuo Wang, Zhaopeng Tu, Shuming Shi and Yang Liu"
Phone Features Improve Speech Translation,3,speech; machine translation,,Elizabeth Salesky and Alan W Black
Evaluating Explanation Methods for Neural Machine Translation,3,machine translation,,"Jierui Li, Lemao Liu, Huayang Li, Guanlin Li, Guoping Huang and Shuming Shi"
Rigid Formats Controlled Text Generation,2,style transfer,,"Piji Li, Haisong Zhang, Xiaojiang Liu and Shuming Shi"
Graph-to-Tree Learning for Solving Math Word Problems,2,math,,"Jipeng Zhang, Lei Wang, Roy Ka-Wei Lee, Yi Bin, Yan Wang, Jie Shao and Ee-Peng Lim"
Parallel Corpus Filtering via Pre-trained Language Models,2,machine translation,,"Boliang Zhang, Ajay Nagesh and Kevin Knight"
Learning a Multi-Domain Curriculum for Neural Machine Translation,3,machine translation,,"Wei Wang, Ye Tian, Jiquan Ngiam, Yinfei Yang, Isaac Caswell and Zarana Parekh"
Improved Natural Language Generation via Loss Truncation,2,generation; model architecture,,Daniel Kang and Tatsunori Hashimoto
Graph Neural News Recommendation with Unsupervised Preference Disentanglement,3,recommendation,,"Linmei Hu, Siyong Xu, Chen Li, Cheng Yang, Chuan Shi, Nan Duan, Xing Xie and Ming Zhou"
Distilling Knowledge Learned in BERT for Text Generation,2,generation,,"Yen-Chun Chen, Zhe Gan, Yu Cheng, Jingzhou Liu and Jingjing Liu"
Paraphrase Generation by Learning How to Edit from Samples,3,paraphrase,,"Amirhossein Kazemnejad, Mohammadreza Salehi and Mahdieh Soleymani Baghshah"
PeTra: A Sparsely Supervised Memory Model for People Tracking,3,information extraction,,"Shubham Toshniwal, Allyson Ettinger, Kevin Gimpel and Karen Livescu"
Cross-Lingual Unsupervised Sentiment Classification with Multi-View Transfer Learning,3,sentiment and argument analysis,,Hongliang Fei and Ping Li
Learning Constraints for Structured Prediction Using Rectifier Networks,2,semantic parsing,,"Xingyuan Pan, Maitrey Mehta and Vivek Srikumar"
Similarity Analysis of Contextual Word Representation Models,2,word meaning,,"John Wu, Yonatan Belinkov, Hassan Sajjad, Nadir Durrani, Fahim Dalvi and James Glass"
Exploiting Syntactic Structure for Better Language Modeling: A Syntactic Distance Approach,2,language modeling,,"Wenyu DU, Zhouhan Lin, Yikang Shen, Timothy J. O’Donnell, Yoshua Bengio and Yue Zhang"
PLATO: Pre-trained Dialogue Generation Model with Discrete Latent Variable,3,dialog,,"Siqi Bao, Huang He, Fan Wang, Hua Wu and Haifeng Wang"
RikiNet: Reading Wikipedia Pages for Natural Question Answering,3,question answering,,"Dayiheng Liu, Yeyun Gong, Jie Fu, Yu Yan, Jiusheng Chen, Daxin Jiang, Jiancheng Lv and Nan Duan"
Cross-Modality Relevance for Reasoning on Language and Vision,3,inference; language grounding,,"Chen Zheng, Quan Guo and Parisa Kordjamshidi"
Social Bias Frames: Reasoning about Social and Power Implications of Language,4,bias,bias,"Maarten Sap, Saadia Gabriel, Lianhui Qin, Dan Jurafsky, Noah A. Smith and Yejin Choi"
ParaCrawl: Web-Scale Acquisition of Parallel Corpora,2,machine translation,,"Marta Bañón, Pinzhen Chen, Barry Haddow, Kenneth Heafield, Hieu Hoang, Miquel Esplà-Gomis, Mikel L. Forcada, Amir Kamran, Faheem Kirefu, Philipp Koehn, Sergio Ortiz Rojas, Leopoldo Pla Sempere, Gema Ramírez-Sánchez, Elsa Sarrías, Marek Strelec, Brian Thompson, William Waites, Dion Wiggins and Jaume Zaragoza"
Politeness Transfer: A Tag and Generate Approach,3,style transfer,,"Aman Madaan, Amrith Setlur, Tanmay Parekh, Barnabas Poczos, Graham Neubig, Yiming Yang, Ruslan Salakhutdinov, Alan W Black and Shrimai Prabhumoye"
"Climbing towards NLU: On Meaning, Form, and Understanding in the Age of Data",1,trend,,Emily M. Bender and Alexander Koller
Improving Event Detection via Open-domain Trigger Knowledge,2,information extraction,,"Meihan Tong, Bin Xu, Shuai Wang, Yixin Cao, Lei Hou, Juanzi Li and Jun Xie"
Should All Cross-Lingual Embeddings Speak English?,2,word meaning; machine translation,,Antonios Anastasopoulos and Graham Neubig
Connecting Embeddings for Knowledge Graph Entity Typing,2,knowledge graph,,"Yu Zhao, anxiang zhang, Ruobing Xie, Kang Liu and Xiaojie WANG"
Double-Hard Debias: Tailoring Word Embeddings for Gender Bias Mitigation,2,bias; word meaning,bias,"Tianlu Wang, Xi Victoria Lin, Nazneen Fatema Rajani, Bryan McCann, Vicente Ordonez and Caiming Xiong"
Are Natural Language Inference Models IMPPRESsive? Learning IMPlicature and PRESupposition,2,robustness; NLI,robustness,"Paloma Jeretic, Alex Warstadt, Suvrat Bhooshan and Adina Williams"
SciREX: A Challenge Dataset for Document-Level Information Extraction,2,information extraction,,"Sarthak Jain, Madeleine van Zuylen, Hannaneh Hajishirzi and Iz Beltagy"
Addressing Posterior Collapse with Mutual Information for Improved Variational Neural Machine Translation,3,machine translation; model architecture,,"Arya D. McCarthy, Xian Li, Jiatao Gu and Ning Dong"
A Recipe for Creating Multimodal Aligned Datasets for Sequential Tasks,3,language grounding,,"Angela Lin, Sudha Rao, Asli Celikyilmaz, Elnaz Nouri, Chris Brockett, Debadeepta Dey and Bill Dolan"
On the Cross-lingual Transferability of Monolingual Representations,2,text representation; machine translation,,"Mikel Artetxe, Sebastian Ruder and Dani Yogatama"
Relation-Aware Collaborative Learning for Unified Aspect-Based Sentiment Analysis,3,sentiment and argument analysis,,Zhuang Chen and Tieyun Qian
Speak to your Parser: Interactive Text-to-SQL with Natural Language Feedback,2,semantic parsing; interpretability,,"Ahmed Elgohary, Saghar Hosseini and Ahmed Hassan Awadallah"
A Graph-based Coarse-to-fine Method for Unsupervised Bilingual Lexicon Induction,2,machine translation,,"Shuo Ren, Shujie Liu, Ming Zhou and Shuai Ma"
Iterative Edit-Based Unsupervised Sentence Simplification,3,simplification,,"Dhruv Kumar, Lili Mou, Lukasz Golab and Olga Vechtomova"
Measuring Forecasting Skill from Text,3,forecasting,,"Shi Zong, Alan Ritter and Eduard Hovy"
Towards Interpretable Clinical Diagnosis with Bayesian Network Ensembles Stacked on Entity-Aware CNNs,4,interpretability; healthcare,interpretability; healthcare,"Jun Chen, Xiaoya Dai, Quan Yuan, Chao Lu and Haifeng Huang"
Don’t Say That! Making Inconsistent Dialogue Unlikely with Unlikelihood Training,3,dialog,,"Margaret Li, Stephen Roller, Ilia Kulikov, Sean Welleck, Y-Lan Boureau, Kyunghyun Cho and Jason Weston"
TaBERT: Pretraining for Joint Understanding of Textual and Tabular Data,2,language modeling,,"Pengcheng Yin, Graham Neubig, Wen-tau Yih and Sebastian Riedel"
Learning to Faithfully Rationalize by Construction,2,interpretability,interpretability,"Sarthak Jain, Sarah Wiegreffe, Yuval Pinter and Byron C. Wallace"
Hierarchical Modeling for User Personality Prediction: The Role of Message-Level Attention,4,personality prediction,,"Veronica Lynn, Niranjan Balasubramanian and H. Andrew Schwartz"
An Online Semantic-enhanced Dirichlet Model for Short Text Stream Clustering,2,topic modeling,,"Jay Kumar, Junming Shao, Salah Uddin and Wazir Ali"
What are the Goals of Distributional Semantics?,2,semantic parsing,,Guy Emerson
Explaining Black Box Predictions and Unveiling Data Artifacts through Influence Functions,2,interpretability,interpretability,"Xiaochuang Han, Byron C. Wallace and Yulia Tsvetkov"
Neural Syntactic Preordering for Controlled Paraphrase Generation,3,paraphrase,,Tanya Goyal and Greg Durrett
Finding Universal Grammatical Relations in Multilingual BERT,2,language modeling; interpretability,,"Ethan A. Chi, John Hewitt and Christopher D. Manning"
Bilingual Dictionary Based Neural Machine Translation without Using Parallel Sentences,2,machine translation,,"Xiangyu Duan, Baijun Ji, Hao Jia, Min Tan, Min Zhang, Boxing Chen, Weihua Luo and Yue Zhang"
Logical Natural Language Generation from Open-Domain Tables,3,data-to-text generation,,"Wenhu Chen, Jianshu Chen, Yu Su, Zhiyu Chen and William Yang Wang"
DeSePtion: Dual Sequence Prediction and Adversarial Examples for Improved Fact-Checking,3,misinformation,misinformation,"Christopher Hidey, Tuhin Chakrabarty, Tariq Alhindi, Siddharth Varia, Kriste Krstovski, Mona Diab and Smaranda Muresan"
Semantic Scaffolds for Pseudocode-to-Code Generation,3,code,,"Ruiqi Zhong, Mitchell Stern and Dan Klein"
On The Evaluation of Machine Translation SystemsTrained With Back-Translation,2,machine translation; metrics,,"Sergey Edunov, Myle Ott, Marc’Aurelio Ranzato and Michael Auli"
Premise Selection in Natural Language Mathematical Texts,2,math,,Deborah Ferreira and André Freitas
The Summary Loop: Learning to Write Abstractive Summaries Without Examples,3,summarization,,"Philippe Laban, Andrew Hsi, John Canny and Marti A. Hearst"
Multi-Label and Multilingual News Framing Analysis,4,misinformation,misinformation,"Afra Feyza Akyürek, Lei Guo, Randa Elanwar, Prakash Ishwar, Margrit Betke and Derry Tanti Wijaya"
Temporally-Informed Analysis of Named Entity Recognition,2,information extraction,,Shruti Rijhwani and Daniel Preotiuc-Pietro
Null It Out: Guarding Protected Attributes by Iterative Nullspace Projection,2,word meaning,,"Shauli Ravfogel, Yanai Elazar, Hila Gonen, Michael Twiton and Yoav Goldberg"
Generating Fact Checking Explanations,3,misinformation; interpretability,misinformation; interpretability,"Pepa Atanasova, Jakob Grue Simonsen, Christina Lioma and Isabelle Augenstein"
Attentive Pooling with Learnable Norms for Text Representation,2,text representation,,"Chuhan Wu, Fangzhao Wu, Tao Qi, Xiaohui Cui and Yongfeng Huang"
Reasoning with Multimodal Sarcastic Tweets via Modeling Cross-Modality Contrast and Semantic Association,3,social media; inference,,"Nan Xu, Zhixiong Zeng and Wenji Mao"
Good-Enough Compositional Data Augmentation,2,data augmentation,,Jacob Andreas
On the Limitations of Cross-lingual Encoders as Exposed by Reference-Free Machine Translation Evaluation,2,machine translation,,"Wei Zhao, Goran Glavaš, Maxime Peyrard, Yang Gao, Robert West and Steffen Eger"
"Learning Interpretable Relationships between Entities, Relations and Concepts via Bayesian Structure Learning on Open Domain Facts",3,information extraction; interpretability,interpretability,"Jingyuan Zhang, Mingming Sun, Yue Feng and Ping Li"
Jointly Masked Sequence-to-Sequence Model for Non-Autoregressive Neural Machine Translation,3,machine translation,,"Junliang Guo, Linli Xu and Enhong Chen"
ChartDialogs: Plotting from Natural Language Instructions,4,dialog; language grounding,,Yutong Shao and Ndapa Nakashole
Span Selection Pre-training for Question Answering,3,question answering,,"Michael Glass, Alfio Gliozzo, Rishav Chakravarti, Anthony Ferritto, Lin Pan, G P Shrivatsa Bhargav, Dinesh Garg and Avi Sil"
Multidirectional Associative Optimization of Function-Specific Word Representations,2,word meaning,,"Daniela Gerz, Ivan Vulić, Marek Rei, Roi Reichart and Anna Korhonen"
Spying on your neighbors: Fine-grained probing of contextual embeddings for information about surrounding words,2,word meaning,,Josef Klafka and Allyson Ettinger
Document Translation vs. Query Translation for Cross-Lingual Information Retrieval in the Medical Domain,4,information retrieval; healthcare,healthcare,Shadi Saleh and Pavel Pecina
Dynamic Online Conversation Recommendation,3,recommendation; dialog,,"Xingshan Zeng, Jing Li, Lu Wang, Zhiming Mao and Kam-Fai Wong"
Learning to Contextually Aggregate Multi-Source Supervision for Sequence Labeling,3,information extraction,,"Ouyu Lan, Xiao Huang, Bill Yuchen Lin, He Jiang, Liyuan Liu and Xiang Ren"
Meta-Reinforced Multi-Domain State Generator for Dialogue Systems,3,dialog,,"Yi Huang, Junlan Feng, Min Hu, Xiaoting Wu, Xiaoyu Du and Shuo Ma"
Adaptive Compression of Word Embeddings,2,word meaning,,"Yeachan Kim, Kang-Min Kim and SangKeun Lee"
Unsupervised Cross-lingual Representation Learning at Scale,2,text representation; machine translation,,"Alexis Conneau, Kartikay Khandelwal, Naman Goyal, Vishrav Chaudhary, Guillaume Wenzek, Francisco Guzmán, Edouard Grave, Myle Ott, Luke Zettlemoyer and Veselin Stoyanov"
Neural CRF Model for Sentence Alignment in Text Simplification,3,simplification,,"Chao Jiang, Mounica Maddela, Wuwei Lan, Yang Zhong and Wei Xu"
IMoJIE: Iterative Memory-Based Joint Open Information Extraction,2,information extraction,,"Keshav Kolluru, Samarth Aggarwal, Vipul Rathore, Mausam - and Soumen Chakrabarti"
USR: An Unsupervised and Reference Free Evaluation Metric for Dialog Generation,3,dialog,,Shikib Mehri and Maxine Eskenazi
Selective Question Answering under Domain Shift,3,question answering,,"Amita Kamath, Robin Jia and Percy Liang"
Moving Down the Long Tail of Word Sense Disambiguation with Gloss Informed Bi-encoders,2,word meaning,,Terra Blevins and Luke Zettlemoyer
A Graph Auto-encoder Model of Derivational Morphology,2,morphology,,"Valentin Hofmann, Hinrich Schütze and Janet Pierrehumbert"
A Reinforced Generation of Adversarial Examples for Neural Machine Translation,2,machine translation; robustness,robustness,"Wei Zou, Shujian Huang, Jun Xie, Xinyu Dai and Jiajun Chen"
Hiring Now: A Skill-Aware Multi-Attention Model for Job Posting Generation,4,data-to-text generation; jobs,jobs,"Liting Liu, Jie Liu, Wenzheng Zhang, Ziming Chi, Wenxuan Shi and Yalou Huang"
Max-Margin Incremental CCG Parsing,2,syntax parsing,,Miloš Stanojević and Mark Steedman
Paraphrase Augmented Task-Oriented Dialog Generation,3,dialog,,"Silin Gao, Yichi Zhang, Zhijian Ou and Zhou Yu"
Conversational Graph Grounded Policy Learning for Open-Domain Conversation Generation,3,dialog,,"Jun Xu, Haifeng Wang, Zheng-Yu Niu, Hua Wu, Wanxiang Che and Ting Liu"
Towards Debiasing Sentence Representations,2,bias; text representation,bias,"Paul Pu Liang, Irene Mengze Li, Emily Zheng, Yao Chong Lim, Ruslan Salakhutdinov and Louis-Philippe Morency"
Mind the Trade-off: Debiasing NLU Models without Degrading the In-distribution Performance,2,bias,bias,"Prasetya Ajie Utama, Nafise Sadat Moosavi and Iryna Gurevych"
Screenplay Summarization Using Latent Narrative Structure,4,summarization,,"Pinelopi Papalampidi, Frank Keller, Lea Frermann and Mirella Lapata"
Language (technology) is power: The need to be explicit about NLP harms,4,ethics,ethics,"Su Lin Blodgett, Solon Barocas, Hal Daumé III and Hanna Wallach"
Improving Image Captioning Evaluation by Considering Inter References Variance,3,caption generation,,"Yanzhi Yi, Hangyu Deng and Jinglu Hu"
How to Ask Good Questions? Try to Leverage Paraphrases,3,question answering,,"Xin Jia, Wenjie Zhou, Xu Sun and Yunfang Wu"
Do Neural Models Learn Systematicity of Monotonicity Inference in Natural Language?,2,inference,,"Hitomi Yanaka, Koji Mineshima, Daisuke Bekki and Kentaro Inui"
Gender in Danger? Evaluating Speech Translation Technology on the MuST-SHE Corpus,3,bias; speech; machine translation,bias,"Luisa Bentivogli, Beatrice Savoldi, Matteo Negri, Mattia A. Di Gangi, Roldano Cattoni and Marco Turchi"
Rationalizing Text Matching: Learning Sparse Alignments via Optimal Transport,2,matching,,"Kyle Swanson, Lili Yu and Tao Lei"
Line Graph Enhanced AMR-to-Text Generation with Mix-Order Graph Attention Networks,2,generation,,"Yanbin Zhao, Lu Chen, Zhi Chen, Ruisheng Cao, Su Zhu and Kai Yu"
Towards Faithful Neural Table-to-Text Generation with Content-Matching Constraints,3,data-to-text generation,,"Zhenyi Wang, Xiaoyang Wang, Bang An, Dong Yu and Changyou Chen"
HyperCore: Hyperbolic and Co-graph Representation for Automatic ICD Coding,4,healthcare,healthcare,"Pengfei Cao, Yubo Chen, Kang Liu, Jun Zhao, Shengping Liu and Weifeng Chong"
MuTual: A Dataset for Multi-Turn Dialogue Reasoning,3,dialog; question answering,,"Leyang Cui, Yu Wu, Shujie Liu, Yue Zhang and Ming Zhou"
Relabel the Noise: Joint Extraction of Entities and Relations via Cooperative Multiagents,2,information extraction,,"Daoyuan Chen, Yaliang Li, Kai Lei and Ying Shen"
QuASE: Question-Answer Driven Sentence Encoding,2,text representation,,"Hangfeng He, Qiang Ning and Dan Roth"
NILE : Natural Language Inference with Faithful Natural Language Explanations,3,NLI; interpretability,interpretability,Sawan Kumar and Partha Talukdar
A Prioritization Model for Suicidality Risk Assessment,4,mental healthcare,mental health,"Han-Chin Shing, Philip Resnik and Douglas Oard"
Human Attention Maps for Text Classification: Do Humans and Neural Networks Focus on the Same Words?,3,sentiment and argument analysis; interpretability,interpretability,"Cansu Sen, Thomas Hartvigsen, Biao Yin, Xiangnan Kong and Elke Rundensteiner"
S2ORC: The Semantic Scholar Open Research Corpus,2,information extraction,,"Kyle Lo, Lucy Wang, Mark Neumann, Rodney Kinney and Daniel Weld"
Knowledge Distillation for Multilingual Unsupervised Neural Machine Translation,3,machine translation,,"Haipeng Sun, Rui Wang, Kehai Chen, Masao Utiyama, Eiichiro Sumita and Tiejun Zhao"
A Multitask Learning Approach for Diacritic Restoration,2,low-resource,low-resource,"Sawsan Alqahtani, Ajay Mishra and Mona Diab"
The Cascade Transformer: an Application for Efficient Answer Sentence Selection,3,question answering,,Luca Soldaini and Alessandro Moschitti
Probabilistically Masked Language Model Capable of Autoregressive Generation in Arbitrary Word Order,2,language modeling,,"Yi Liao, Xin Jiang and Qun Liu"
2kenize: Tying Subword Sequences for Chinese Script Conversion,2,machine translation,,Pranav A and Isabelle Augenstein
Optimizing the Factual Correctness of a Summary: A Study of Summarizing Radiology Reports,4,summarization; misinformation; healthcare,misinformation; healthcare,"Yuhao Zhang, Derek Merck, Emily Tsai, Christopher D. Manning and Curtis Langlotz"
How Accents Confound: Probing for Accent Information in End-to-End Speech Recognition Systems,2,speech; low-resource,low-resource,Archiki Prasad and Preethi Jyothi
Not All Claims are Created Equal: Choosing the Right Statistical Approach to Assess Hypotheses,2,metrics,,"Erfan Sadeqi Azer, Daniel Khashabi, Ashish Sabharwal and Dan Roth"
Can You Put it All Together: Evaluating Conversational Agents’ Ability to Blend Skills,3,dialog,,"Eric Michael Smith, Mary Williamson, Kurt Shuster, Jason Weston and Y-Lan Boureau"
Detecting Perceived Emotions in Hurricane Disasters,4,emotion detection; social media,,"Shrey Desai, Cornelia Caragea and Junyi Jessy Li"
AMR Parsing via Graph-Sequence Iterative Inference,2,semantic parsing,,Deng Cai and Wai Lam
Predicting the Growth of Morphological Families from Social and Linguistic Factors,2,morphology,,"Valentin Hofmann, Janet Pierrehumbert and Hinrich Schütze"
Guiding Variational Response Generator to Exploit Persona,3,dialog,,"Bowen Wu, Mengyuan Li, Zongsheng Wang, Yifu Chen, Derek F. Wong, Qihang Feng, Junhong Huang and Baoxun Wang"
Probing for referential information in language models,2,language modeling; interpretability,,"Ionut-Teodor Sorodoc, Kristina Gulordava and Gemma Boleda"
FastBERT: a Self-distilling BERT with Adaptive Inference Time,2,model architecture,,"Weijie Liu, Peng Zhou, Zhiruo Wang, Zhe Zhao, Haotang Deng and QI JU"
Calibrating Structured Output Predictors for Natural Language Processing,2,information extraction,,Abhyuday Jagannatha and Hong Yu
How Does Selective Mechanism Improve Self-Attention Networks?,2,model architecture,,"Xinwei Geng, Longyue Wang, Xing Wang, Bing Qin, Ting Liu and Zhaopeng Tu"
A Girl Has A Name: Detecting Authorship Obfuscation,3,authorship identification,,"Asad Mahmood, Zubair Shafiq and Padmini Srinivasan"
Expertise Style Transfer: A New Task Towards Better Communication between Experts and Laymen,3,style transfer; healthcare,healthcare,"Yixin Cao, Ruihao Shui, Liangming Pan, Min-Yen Kan, Zhiyuan Liu and Tat-Seng Chua"
What Question Answering can Learn from Trivia Nerds,2,question answering,,Jordan Boyd-Graber and Benjamin Börschinger
CorefQA: Coreference Resolution as Query-based Span Prediction,2,coreference,,"Wei Wu, Fei Wang, Arianna Yuan, Fei Wu and Jiwei Li"
CDL: Curriculum Dual Learning for Emotion-Controllable Response Generation,3,dialog,,Lei Shen and Yang Feng
Robust Encodings: A Framework for Combating Adversarial Typos,2,robustness,,"Erik Jones, Robin Jia, Aditi Raghunathan and Percy Liang"
Unsupervised Alignment-based Iterative Evidence Retrieval for Multi-hop Question Answering,3,question answering,,"Vikas Yadav, Steven Bethard and Mihai Surdeanu"
Investigating Word-Class Distributions in Word Vector Spaces,2,word meaning,,Ryohei Sasano and Anna Korhonen